narrative_id,node_key,label,analyst_label,num_communities,size,top_labels,top_types,analyst_summary
0,NARRATIVE:0,10TH AIR ARMY; 10TH AIR DIVISION; 11TH ARMORED INFANTRY BRIGADE; 12TH ARMY; ALGERIANS,"U.S. reporting, diplomacy, and intelligence assessment",43,43,10TH AIR ARMY; 10TH AIR DIVISION; 11TH ARMORED INFANTRY BRIGADE; 12TH ARMY; ALGERIANS; BAGHDAD UNIVERSITY; BANK OF KOREA; BELGIAN OFFICIALS; AURI; BITUNG; BRETAGNE; COMMUNIST PARTY OF GREECE (KKE); CHANGCHUN RAILWAY; IRANIAN KURDS; LAHUNI CHIEFS; LIBYAN ARMY; CONTROL YUAN; DJUANDA GOVERNMENT; JUSUF; KAHAR MUZAKKAR; DAROTS; ETHIOPIAN CONSULATE GENERAL; ETHIOPIAN SECURITY FORCES; GREATER SOMALIA LEAGUE; ANSEELE; BELGIAN CABINET; LAROCK; PAUL-HENRI SPAAK; FRENCH PRESIDENT OF THE ALGERIAN FEDERATION OF MAYORS; OUENZA IRON MINE; SWEDISH DIPLOMATS; TBILISI; KURDISH TRIBAL AREAS; LANCHOW; MOSLEM GUERRILLAS; TSINGHAI PROVINCE; FUKUDA; GENERAL MUSA; KEIDANREN; LT. GEN. HABIBULLAH; CHINMENS; DR. MOZAFAR BAQAI; ISMAIL SHAFAI; MENHALL PROSPECTING AND EXPLORATION COMPANY; ALGIERS JUNTA; COLONEL DE BOISSIEU; FLN MILITARY UNITS; GENERAL JOUHAUD; BRITISH UN DELEGATE JEBB; ISRAELI DELEGATION; MOHAMMED NATSIR; US B-29; AL BRIJ; HAQAL; SAUDI SHIP; SHAIKH HAMID; HABOMAI ISLANDS; KUNASHIRI; SHIKOTAN; YUGOSLAV NUCLEAR PROGRAM,"{""LEVEL1_COMMUNITY"": 43}",This group connects 43 communities around: 10TH AIR ARMY; 10TH AIR DIVISION; 11TH ARMORED INFANTRY BRIGADE; 12TH ARMY; ALGERIANS; BAGHDAD UNIVERSITY; BANK OF KOREA; BELGIAN OFFICIALS.
1,NARRATIVE:1,35TH ARMY; 7TH GUARDS MECHANIZED DIVISION; ABDOLLAH ENTEZAM; ABDULLAH GOVERNMENT; 11-MEMBER EXECUTIVE COUNCIL,"Soviet policy, leadership, and bloc maneuvering",15,15,"35TH ARMY; 7TH GUARDS MECHANIZED DIVISION; ABDOLLAH ENTEZAM; ABDULLAH GOVERNMENT; 11-MEMBER EXECUTIVE COUNCIL; 12-NATION COMMISSION; 21ST OF SEPTEMBER MOVEMENT; 308TH DIVISION; 1ST AIRBORNE BATTALION; 1ST INFANTRY DIVISION; 21ST DIVISION; 54TH BATTALION; 14TH DIVISION; 62 GROUP; ABADAN; ABAKUMOV; ABDALLAH AL-YAFI; ABDULLAH RIMAWI; ABD-AL HAMID BADAWI PASHA; ADMIRAL MANOLA; ABDUL RAHMAN AZZAM; ABUL PANAHI; AFRICAN REVOLUTIONARY FRONT FOR THE NATIONAL INDEPENDENCE OF PORTUGUESE COLONIES; AFRICAN REVOLUTIONARY FRONT FOR THE NATIONAL INDEPENDENCE OF PORTUGUESE COLONIES (FRAIN); 67TH ARMY; AFRICAN DEMOCRATIC RALLY; AFRICAN REGROUPMENT PARTY; AIR INDIA INTERNATIONAL; 20TH PARTY CONGRESS; ACADEMY OF SCIENCES, USSR; ADHEMAR DE BARROS; AFRICAN MEMBERS OF THE COMMUNITY; 26 OF JULY MOVEMENT; 8TH AND 10TH BOMBER DIVISIONS; ABYE; ADMIRAL AUBOYNEAU; ABBOUD GOVERNMENT; ABDOULAYE DIALLO; ABDUL RAHMAN; ABD AL-HAMID SARRAJ; ADMIRAL REFET ARKUN; AEGEAN SEA; AGFA FILM FACTORY; ALBANIAN WORKERS (COMMUNIST) PARTY; 10TH ARTILLERY DIVISION; 11TH ARMY; 13TH ARMY; 16 MAY 1961; AHMAD HUSSEIN; AMALGAMATED ENGINEERING UNION; AMERICAN CONSUL GENERAL IN SALISBURY; AMERICAN PETROLEUM COMPANY; ABDULLAH ABID; ABD AL-MAJID KUBAAR; ALBANIAN COUNCIL OF MINISTERS; AMBASSADOR CAFFREY; ABDALLAH IBRAHIM; ABDELKHALEK TORRES; ABDEL BEN DRISS; ABDERRAHIM BOUABID","{""LEVEL1_COMMUNITY"": 15}",This group connects 15 communities around: 35TH ARMY; 7TH GUARDS MECHANIZED DIVISION; ABDOLLAH ENTEZAM; ABDULLAH GOVERNMENT; 11-MEMBER EXECUTIVE COUNCIL; 12-NATION COMMISSION; 21ST OF SEPTEMBER MOVEMENT; 308TH DIVISION.
2,NARRATIVE:2,DUTCH WARSHIPS; KIM CHUNG-YOL; KWON SUNG-YOL; SUKARNO GOVERNMENT,DUTCH WARSHIPS; KIM CHUNG-YOL; KWON SUNG-YOL; SUKARNO GOVERNMENT,1,1,DUTCH WARSHIPS; KIM CHUNG-YOL; KWON SUNG-YOL; SUKARNO GOVERNMENT,"{""LEVEL1_COMMUNITY"": 1}",This group connects 1 communities around: DUTCH WARSHIPS; KIM CHUNG-YOL; KWON SUNG-YOL; SUKARNO GOVERNMENT.
3,NARRATIVE:3,ANNA SEGHERS; ARNOLD ZWEIG; DEPUTY PRIME MINISTER RAU; GERHARD EISLER,ANNA SEGHERS; ARNOLD ZWEIG; DEPUTY PRIME MINISTER RAU; GERHARD EISLER,1,1,ANNA SEGHERS; ARNOLD ZWEIG; DEPUTY PRIME MINISTER RAU; GERHARD EISLER,"{""LEVEL1_COMMUNITY"": 1}",This group connects 1 communities around: ANNA SEGHERS; ARNOLD ZWEIG; DEPUTY PRIME MINISTER RAU; GERHARD EISLER.
4,NARRATIVE:4,BULGARIAN SECURITY POLICE; CHINESE CONSUL GENERAL IN SAIGON; CHINESE NATIONALIST FOREIGN OFFICE; US MILITARY MISSION TO THE IRANIAN ARMY,"Military posture, security forces, and regime stability",1,1,BULGARIAN SECURITY POLICE; CHINESE CONSUL GENERAL IN SAIGON; CHINESE NATIONALIST FOREIGN OFFICE; US MILITARY MISSION TO THE IRANIAN ARMY,"{""LEVEL1_COMMUNITY"": 1}",This group connects 1 communities around: BULGARIAN SECURITY POLICE; CHINESE CONSUL GENERAL IN SAIGON; CHINESE NATIONALIST FOREIGN OFFICE; US MILITARY MISSION TO THE IRANIAN ARMY.
5,NARRATIVE:5,AMSTERDAM; BREMEN; DUTCH COMMUNIST-CONTROLLED DOCKERS UNION; HAMBURG,Labor unrest and internal political pressure,1,1,AMSTERDAM; BREMEN; DUTCH COMMUNIST-CONTROLLED DOCKERS UNION; HAMBURG,"{""LEVEL1_COMMUNITY"": 1}",This group connects 1 communities around: AMSTERDAM; BREMEN; DUTCH COMMUNIST-CONTROLLED DOCKERS UNION; HAMBURG.
6,NARRATIVE:6,COLONEL HASSAN PAKRAVAN; EXTREMIST PARTIES; GENERAL ALI KIA; GENERAL MOHAMMAD TAGHI MAJIDI,COLONEL HASSAN PAKRAVAN; EXTREMIST PARTIES; GENERAL ALI KIA; GENERAL MOHAMMAD TAGHI MAJIDI,1,1,COLONEL HASSAN PAKRAVAN; EXTREMIST PARTIES; GENERAL ALI KIA; GENERAL MOHAMMAD TAGHI MAJIDI,"{""LEVEL1_COMMUNITY"": 1}",This group connects 1 communities around: COLONEL HASSAN PAKRAVAN; EXTREMIST PARTIES; GENERAL ALI KIA; GENERAL MOHAMMAD TAGHI MAJIDI.
7,NARRATIVE:7,BANAT YAQUB BRIDGE; SYRIAN DELEGATION; UAR ARMY COMMANDER IN CHIEF AMIR; UN UNDER-SECRETARY BUNCHE,"Military posture, security forces, and regime stability",1,1,BANAT YAQUB BRIDGE; SYRIAN DELEGATION; UAR ARMY COMMANDER IN CHIEF AMIR; UN UNDER-SECRETARY BUNCHE,"{""LEVEL1_COMMUNITY"": 1}",This group connects 1 communities around: BANAT YAQUB BRIDGE; SYRIAN DELEGATION; UAR ARMY COMMANDER IN CHIEF AMIR; UN UNDER-SECRETARY BUNCHE.
8,NARRATIVE:8,CHINESE COMMUNIST 9TH ARMY GROUP; CHU CHIA-PI; POLISH INTERNAL SECURITY POLICE; POLISH PARTISANS,"Military posture, security forces, and regime stability",1,1,CHINESE COMMUNIST 9TH ARMY GROUP; CHU CHIA-PI; POLISH INTERNAL SECURITY POLICE; POLISH PARTISANS,"{""LEVEL1_COMMUNITY"": 1}",This group connects 1 communities around: CHINESE COMMUNIST 9TH ARMY GROUP; CHU CHIA-PI; POLISH INTERNAL SECURITY POLICE; POLISH PARTISANS.
9,NARRATIVE:9,ALGERIAN PROBLEM; CFTC; CGT; RAILROAD FEDERATIONS,ALGERIAN PROBLEM; CFTC; CGT; RAILROAD FEDERATIONS,1,1,ALGERIAN PROBLEM; CFTC; CGT; RAILROAD FEDERATIONS,"{""LEVEL1_COMMUNITY"": 1}",This group connects 1 communities around: ALGERIAN PROBLEM; CFTC; CGT; RAILROAD FEDERATIONS.
10,NARRATIVE:10,"KOMSOMOL; LENIN LIBRARY; TRANSYLVANIAN AREA; Lecture on international events | A lecture where the speaker refused to discuss Hungary, leading to audience unrest. | Speech",International diplomatic and security coordination,1,1,"KOMSOMOL; LENIN LIBRARY; TRANSYLVANIAN AREA; Lecture on international events | A lecture where the speaker refused to discuss Hungary, leading to audience unrest. | Speech","{""LEVEL1_COMMUNITY"": 1}","This group connects 1 communities around: KOMSOMOL; LENIN LIBRARY; TRANSYLVANIAN AREA; Lecture on international events | A lecture where the speaker refused to discuss Hungary, leading to audience unrest. | Speech."
11,NARRATIVE:11,CIVIL DEFENSE BILL; ITALIAN AIR FORCE; ITALIAN ARMY; ITALIAN NAVY,"Military posture, security forces, and regime stability",1,1,CIVIL DEFENSE BILL; ITALIAN AIR FORCE; ITALIAN ARMY; ITALIAN NAVY,"{""LEVEL1_COMMUNITY"": 1}",This group connects 1 communities around: CIVIL DEFENSE BILL; ITALIAN AIR FORCE; ITALIAN ARMY; ITALIAN NAVY.
12,NARRATIVE:12,AMBASSADOR REISCHAUER; AYUB REGIME; FINANCE MINISTER MIZUTA; Negotiations on postwar aid | Japan is preparing to negotiate its obligations for postwar aid repayment. | Negotiation | mid-April 1961,AMBASSADOR REISCHAUER; AYUB REGIME; FINANCE MINISTER MIZUTA; Negotiations on postwar aid |,1,1,AMBASSADOR REISCHAUER; AYUB REGIME; FINANCE MINISTER MIZUTA; Negotiations on postwar aid | Japan is preparing to negotiate its obligations for postwar aid repayment. | Negotiation | mid-April 1961,"{""LEVEL1_COMMUNITY"": 1}",This group connects 1 communities around: AMBASSADOR REISCHAUER; AYUB REGIME; FINANCE MINISTER MIZUTA; Negotiations on postwar aid | Japan is preparing to negotiate its obligations for postwar aid repayment. | Negotiation | mid-April 1961.
13,NARRATIVE:13,BOTI; CUBAN ECONOMY; FRESQUET; PAZOS,Cold War crisis monitoring and escalation,1,1,BOTI; CUBAN ECONOMY; FRESQUET; PAZOS,"{""LEVEL1_COMMUNITY"": 1}",This group connects 1 communities around: BOTI; CUBAN ECONOMY; FRESQUET; PAZOS.
14,NARRATIVE:14,HSINCHU AIRFIELD; PENG MENG-CHI; Resupply Flight | Resupply flights from Hsinchu airfield to the border area. | MilitaryAction | 1960-01-01; Visit to Thailand | Visit of Peng Meng-chi to Thailand where airfield use was requested. | Travel | 1960-01-01,"Military posture, security forces, and regime stability",1,1,HSINCHU AIRFIELD; PENG MENG-CHI; Resupply Flight | Resupply flights from Hsinchu airfield to the border area. | MilitaryAction | 1960-01-01; Visit to Thailand | Visit of Peng Meng-chi to Thailand where airfield use was requested. | Travel | 1960-01-01,"{""LEVEL1_COMMUNITY"": 1}",This group connects 1 communities around: HSINCHU AIRFIELD; PENG MENG-CHI; Resupply Flight | Resupply flights from Hsinchu airfield to the border area. | MilitaryAction | 1960-01-01; Visit to Thailand | Visit of Peng Meng-chi to Thailand where airfield use was requested. | Travel | 1960-01-01.
15,NARRATIVE:15,BRITISH AMBASSADOR TO EGYPT; EGYPTS CHIEF UN DELEGATE; Recommendation for Mediterranean command headquarters | The British Ambassador recommended that the headquarters of the proposed Allied command for the eastern; Effort to postpone UN action on Canal issue | Egyptian diplomats approached US officials to develop a new formula for settling the Suez Canal dispute and to pos,"U.S. reporting, diplomacy, and intelligence assessment",1,1,BRITISH AMBASSADOR TO EGYPT; EGYPTS CHIEF UN DELEGATE; Recommendation for Mediterranean command headquarters | The British Ambassador recommended that the headquarters of the proposed Allied command for the eastern ; Effort to postpone UN action on Canal issue | Egyptian diplomats approached US officials to develop a new formula for settling the Suez Canal dispute and to pos,"{""LEVEL1_COMMUNITY"": 1}",This group connects 1 communities around: BRITISH AMBASSADOR TO EGYPT; EGYPTS CHIEF UN DELEGATE; Recommendation for Mediterranean command headquarters | The British Ambassador recommended that the headquarters of the proposed Allied command for the eastern; Effort to postpone UN action on Canal issue | Egyptian diplomats approached US officials to develop a new formula for settling the Suez Canal dispute and to pos.
16,NARRATIVE:16,ISRAELI BORDER SETTLEMENTS; SYRIAN ENGINEER OFFICER; Model Settlement Preparation | Egyptian army engineers prepared a model settlement for training. | Other | 1956-09-23; MODEL SETTLEMENT,"Military posture, security forces, and regime stability",1,1,ISRAELI BORDER SETTLEMENTS; SYRIAN ENGINEER OFFICER; Model Settlement Preparation | Egyptian army engineers prepared a model settlement for training. | Other | 1956-09-23; MODEL SETTLEMENT,"{""LEVEL1_COMMUNITY"": 1}",This group connects 1 communities around: ISRAELI BORDER SETTLEMENTS; SYRIAN ENGINEER OFFICER; Model Settlement Preparation | Egyptian army engineers prepared a model settlement for training. | Other | 1956-09-23; MODEL SETTLEMENT.
17,NARRATIVE:17,BRITISH PRESS; BRITISH UN REPRESENTATIVES; Request for American views | British UN representatives requested American views on a proposed weakening of the Assembly resolution. | Communication | 1953-09-0; Public attitude reflection | The British press reflected a dominant public attitude regarding the admission of Communist China to the UN. | Speech | 1953-09-04,Chinese policy and regional positioning,1,1,BRITISH PRESS; BRITISH UN REPRESENTATIVES; Request for American views | British UN representatives requested American views on a proposed weakening of the Assembly resolution. | Communication | 1953-09-0; Public attitude reflection | The British press reflected a dominant public attitude regarding the admission of Communist China to the UN. | Speech | 1953-09-04,"{""LEVEL1_COMMUNITY"": 1}",This group connects 1 communities around: BRITISH PRESS; BRITISH UN REPRESENTATIVES; Request for American views | British UN representatives requested American views on a proposed weakening of the Assembly resolution. | Communication | 1953-09-0; Public attitude reflection | The British press reflected a dominant public attitude regarding the admission of Communist China to the UN. | Speech | 1953-09-04.
18,NARRATIVE:18,JAPANESE NATIONALIST GOVERNMENT; PEIPING RAILWAY BUREAU; British opposition to Japanese treaty negotiations | The British Mission Chief in Tokyo requested information on Japanese intentions regarding a treaty with the; Closure of Manchurian railways | Peiping authorities suspended passenger and commercial freight service on most of the Manchurian rail network due to military t,Chinese policy and regional positioning,1,1,JAPANESE NATIONALIST GOVERNMENT; PEIPING RAILWAY BUREAU; British opposition to Japanese treaty negotiations | The British Mission Chief in Tokyo requested information on Japanese intentions regarding a treaty with the; Closure of Manchurian railways | Peiping authorities suspended passenger and commercial freight service on most of the Manchurian rail network due to military t,"{""LEVEL1_COMMUNITY"": 1}",This group connects 1 communities around: JAPANESE NATIONALIST GOVERNMENT; PEIPING RAILWAY BUREAU; British opposition to Japanese treaty negotiations | The British Mission Chief in Tokyo requested information on Japanese intentions regarding a treaty with the; Closure of Manchurian railways | Peiping authorities suspended passenger and commercial freight service on most of the Manchurian rail network due to military t.
19,NARRATIVE:19,"SOVIET MILITARY ADMINISTRATION; WESTERN GERMANY; Cancellation of Orders | The USSR Council of Ministers canceled all orders and instructions on political, economic and cultural affairs in East Germany. | Polic","Soviet policy, leadership, and bloc maneuvering",1,1,"SOVIET MILITARY ADMINISTRATION; WESTERN GERMANY; Cancellation of Orders | The USSR Council of Ministers canceled all orders and instructions on political, economic and cultural affairs in East Germany. | Polic","{""LEVEL1_COMMUNITY"": 1}","This group connects 1 communities around: SOVIET MILITARY ADMINISTRATION; WESTERN GERMANY; Cancellation of Orders | The USSR Council of Ministers canceled all orders and instructions on political, economic and cultural affairs in East Germany. | Polic."
20,NARRATIVE:20,JORDANIAN ARMED FORCES; SYRIAN BORDER; TURKISH AIR FORCE,JORDANIAN ARMED FORCES; SYRIAN BORDER; TURKISH AIR FORCE,1,1,JORDANIAN ARMED FORCES; SYRIAN BORDER; TURKISH AIR FORCE,"{""LEVEL1_COMMUNITY"": 1}",This group connects 1 communities around: JORDANIAN ARMED FORCES; SYRIAN BORDER; TURKISH AIR FORCE.
21,NARRATIVE:21,CHITOSE AIR FORCE BASE; IWAKUNI NAVAL AIR STATION; Soviet Fighter Attack | A US reconnaissance aircraft was attacked by Soviet aircraft while over international waters. | Violence | 1957-05-02,"Soviet policy, leadership, and bloc maneuvering",1,1,CHITOSE AIR FORCE BASE; IWAKUNI NAVAL AIR STATION; Soviet Fighter Attack | A US reconnaissance aircraft was attacked by Soviet aircraft while over international waters. | Violence | 1957-05-02,"{""LEVEL1_COMMUNITY"": 1}",This group connects 1 communities around: CHITOSE AIR FORCE BASE; IWAKUNI NAVAL AIR STATION; Soviet Fighter Attack | A US reconnaissance aircraft was attacked by Soviet aircraft while over international waters. | Violence | 1957-05-02.
22,NARRATIVE:22,BRITISH HIGH COMMISSIONERS; FRENCH HIGH COMMISSIONERS; SOVIET EFFORT,"Soviet policy, leadership, and bloc maneuvering",1,1,BRITISH HIGH COMMISSIONERS; FRENCH HIGH COMMISSIONERS; SOVIET EFFORT,"{""LEVEL1_COMMUNITY"": 1}",This group connects 1 communities around: BRITISH HIGH COMMISSIONERS; FRENCH HIGH COMMISSIONERS; SOVIET EFFORT.
23,NARRATIVE:23,SAUDI ARABIAN DEPUTY DEFENSE MINISTER; Transfer of POWs | Chou En-lai seeks transfer of POWs from American to 'neutral' control. | Negotiation | 1952-11-14; Arms Preference Statement | Saudi Arabian Deputy Defense Minister favors European arms over American arms. | PolicyAction | 1952-11-14,"Military posture, security forces, and regime stability",1,1,SAUDI ARABIAN DEPUTY DEFENSE MINISTER; Transfer of POWs | Chou En-lai seeks transfer of POWs from American to 'neutral' control. | Negotiation | 1952-11-14; Arms Preference Statement | Saudi Arabian Deputy Defense Minister favors European arms over American arms. | PolicyAction | 1952-11-14,"{""LEVEL1_COMMUNITY"": 1}",This group connects 1 communities around: SAUDI ARABIAN DEPUTY DEFENSE MINISTER; Transfer of POWs | Chou En-lai seeks transfer of POWs from American to 'neutral' control. | Negotiation | 1952-11-14; Arms Preference Statement | Saudi Arabian Deputy Defense Minister favors European arms over American arms. | PolicyAction | 1952-11-14.
24,NARRATIVE:24,"BRITISH MILITARY ADVISER; SUBAH FAMILY; Alert of Iraqi forces | Iraqi tank units and divisional security units were alerted due to tensions. | MilitaryAction | April 4, 1959","Military posture, security forces, and regime stability",1,1,"BRITISH MILITARY ADVISER; SUBAH FAMILY; Alert of Iraqi forces | Iraqi tank units and divisional security units were alerted due to tensions. | MilitaryAction | April 4, 1959","{""LEVEL1_COMMUNITY"": 1}","This group connects 1 communities around: BRITISH MILITARY ADVISER; SUBAH FAMILY; Alert of Iraqi forces | Iraqi tank units and divisional security units were alerted due to tensions. | MilitaryAction | April 4, 1959."
25,NARRATIVE:25,BERLIN FESTIVAL; COMMITTEE FOR WORLD YOUTH FRIENDSHIP AND CULTURAL EXCHANGE; Berlin Festival Participation | American participation organized by the Committee for World Youth Friendship and Cultural Exchange. | Other,Cold War crisis monitoring and escalation,1,1,BERLIN FESTIVAL; COMMITTEE FOR WORLD YOUTH FRIENDSHIP AND CULTURAL EXCHANGE; Berlin Festival Participation | American participation organized by the Committee for World Youth Friendship and Cultural Exchange. | Other,"{""LEVEL1_COMMUNITY"": 1}",This group connects 1 communities around: BERLIN FESTIVAL; COMMITTEE FOR WORLD YOUTH FRIENDSHIP AND CULTURAL EXCHANGE; Berlin Festival Participation | American participation organized by the Committee for World Youth Friendship and Cultural Exchange. | Other.
26,NARRATIVE:26,CHINESE-KOREAN HEADQUARTERS; NORTH KOREAN GENERAL HEADQUARTERS; Soviet tactical units movement | Soviet infantry and artillery units moved south of the Chongchon river in northwestern Korea. | MilitaryAction | 1952-05,"Soviet policy, leadership, and bloc maneuvering",1,1,CHINESE-KOREAN HEADQUARTERS; NORTH KOREAN GENERAL HEADQUARTERS; Soviet tactical units movement | Soviet infantry and artillery units moved south of the Chongchon river in northwestern Korea. | MilitaryAction | 1952-05,"{""LEVEL1_COMMUNITY"": 1}",This group connects 1 communities around: CHINESE-KOREAN HEADQUARTERS; NORTH KOREAN GENERAL HEADQUARTERS; Soviet tactical units movement | Soviet infantry and artillery units moved south of the Chongchon river in northwestern Korea. | MilitaryAction | 1952-05.
27,NARRATIVE:27,ECONOMY MINISTER KUBBA; HEALTH MINISTER SHAWWAF; COMMUNIST PARTY DEMANDS,ECONOMY MINISTER KUBBA; HEALTH MINISTER SHAWWAF; COMMUNIST PARTY DEMANDS,1,1,ECONOMY MINISTER KUBBA; HEALTH MINISTER SHAWWAF; COMMUNIST PARTY DEMANDS,"{""LEVEL1_COMMUNITY"": 1}",This group connects 1 communities around: ECONOMY MINISTER KUBBA; HEALTH MINISTER SHAWWAF; COMMUNIST PARTY DEMANDS.
28,NARRATIVE:28,HUNGARIAN ALUMINUM; RHEE AGENTS; Chinese concession on POWs | Discussion of proposals for solving the prisoner-of-war question | Negotiation | 1952-06-15,International diplomatic and security coordination,1,1,HUNGARIAN ALUMINUM; RHEE AGENTS; Chinese concession on POWs | Discussion of proposals for solving the prisoner-of-war question | Negotiation | 1952-06-15,"{""LEVEL1_COMMUNITY"": 1}",This group connects 1 communities around: HUNGARIAN ALUMINUM; RHEE AGENTS; Chinese concession on POWs | Discussion of proposals for solving the prisoner-of-war question | Negotiation | 1952-06-15.
29,NARRATIVE:29,COMET; DINO GENTILI; Replacement of Soviet Mission Chief | Japan consents to the USSR's request to replace the chief of its unrecognized mission. | Negotiation | 1956-05-04,"Soviet policy, leadership, and bloc maneuvering",1,1,COMET; DINO GENTILI; Replacement of Soviet Mission Chief | Japan consents to the USSR's request to replace the chief of its unrecognized mission. | Negotiation | 1956-05-04,"{""LEVEL1_COMMUNITY"": 1}",This group connects 1 communities around: COMET; DINO GENTILI; Replacement of Soviet Mission Chief | Japan consents to the USSR's request to replace the chief of its unrecognized mission. | Negotiation | 1956-05-04.
30,NARRATIVE:30,ARCHBISHOP WYSZYNSKI; CARDINAL SAPIEHA; POLISH CATHOLIC CHURCH,ARCHBISHOP WYSZYNSKI; CARDINAL SAPIEHA; POLISH CATHOLIC CHURCH,1,1,ARCHBISHOP WYSZYNSKI; CARDINAL SAPIEHA; POLISH CATHOLIC CHURCH,"{""LEVEL1_COMMUNITY"": 1}",This group connects 1 communities around: ARCHBISHOP WYSZYNSKI; CARDINAL SAPIEHA; POLISH CATHOLIC CHURCH.
31,NARRATIVE:31,"ARABS LIVING IN ISRAEL; LEBANESE FRONTIER; Possible operations within Israel | Reported operations involving 35 men, including village chiefs. | MilitaryAction","Military posture, security forces, and regime stability",1,1,"ARABS LIVING IN ISRAEL; LEBANESE FRONTIER; Possible operations within Israel | Reported operations involving 35 men, including village chiefs. | MilitaryAction","{""LEVEL1_COMMUNITY"": 1}","This group connects 1 communities around: ARABS LIVING IN ISRAEL; LEBANESE FRONTIER; Possible operations within Israel | Reported operations involving 35 men, including village chiefs. | MilitaryAction."
32,NARRATIVE:32,ANGLO-EGYPTIAN NEGOTIATIONS; JAPANESE DEFENSE OFFICIALS; Anglo-Egyptian negotiations | Informal talks suspended due to disagreements over British technicians' uniforms. | Negotiation | 23 September 1953,"U.S. reporting, diplomacy, and intelligence assessment",1,1,ANGLO-EGYPTIAN NEGOTIATIONS; JAPANESE DEFENSE OFFICIALS; Anglo-Egyptian negotiations | Informal talks suspended due to disagreements over British technicians' uniforms. | Negotiation | 23 September 1953,"{""LEVEL1_COMMUNITY"": 1}",This group connects 1 communities around: ANGLO-EGYPTIAN NEGOTIATIONS; JAPANESE DEFENSE OFFICIALS; Anglo-Egyptian negotiations | Informal talks suspended due to disagreements over British technicians' uniforms. | Negotiation | 23 September 1953.
33,NARRATIVE:33,"GUEVARA GROUP; MANCHENO; Student and Laborer Parade | A parade of students, laborers, and leftist political parties that turned violent. | Demonstration | 1951-03-31",Labor unrest and internal political pressure,1,1,"GUEVARA GROUP; MANCHENO; Student and Laborer Parade | A parade of students, laborers, and leftist political parties that turned violent. | Demonstration | 1951-03-31","{""LEVEL1_COMMUNITY"": 1}","This group connects 1 communities around: GUEVARA GROUP; MANCHENO; Student and Laborer Parade | A parade of students, laborers, and leftist political parties that turned violent. | Demonstration | 1951-03-31."
34,NARRATIVE:34,LEBANESE EMBASSY; SOVIET-IRANIAN FISHERIES; Pressure against Iranian nationalization | Soviet official directed the discharge of Iranian employees discussing nationalization. | PolicyAction | October,"Soviet policy, leadership, and bloc maneuvering",1,1,LEBANESE EMBASSY; SOVIET-IRANIAN FISHERIES; Pressure against Iranian nationalization | Soviet official directed the discharge of Iranian employees discussing nationalization. | PolicyAction | October,"{""LEVEL1_COMMUNITY"": 1}",This group connects 1 communities around: LEBANESE EMBASSY; SOVIET-IRANIAN FISHERIES; Pressure against Iranian nationalization | Soviet official directed the discharge of Iranian employees discussing nationalization. | PolicyAction | October.
35,NARRATIVE:35,INTRANSIGENT RADICAL CIVIC UNION; PEOPLES RADICAL CIVIC UNION; Economic reorganization in China | New regulations issued to decentralize industry and manage labor force. | PolicyAction,Chinese policy and regional positioning,1,1,INTRANSIGENT RADICAL CIVIC UNION; PEOPLES RADICAL CIVIC UNION; Economic reorganization in China | New regulations issued to decentralize industry and manage labor force. | PolicyAction,"{""LEVEL1_COMMUNITY"": 1}",This group connects 1 communities around: INTRANSIGENT RADICAL CIVIC UNION; PEOPLES RADICAL CIVIC UNION; Economic reorganization in China | New regulations issued to decentralize industry and manage labor force. | PolicyAction.
36,NARRATIVE:36,NORTH KOREAN COMMUNIST LEADERSHIP; SOUTH KOREAN LABOR PARTY; Bilateral talks suggestion | The Soviet ambassador suggested bilateral talks with France regarding the German problem. | Communication | 1953-07-31 to 1953-08-0,"Soviet policy, leadership, and bloc maneuvering",1,1,NORTH KOREAN COMMUNIST LEADERSHIP; SOUTH KOREAN LABOR PARTY; Bilateral talks suggestion | The Soviet ambassador suggested bilateral talks with France regarding the German problem. | Communication | 1953-07-31 to 1953-08-0,"{""LEVEL1_COMMUNITY"": 1}",This group connects 1 communities around: NORTH KOREAN COMMUNIST LEADERSHIP; SOUTH KOREAN LABOR PARTY; Bilateral talks suggestion | The Soviet ambassador suggested bilateral talks with France regarding the German problem. | Communication | 1953-07-31 to 1953-08-0.
37,NARRATIVE:37,LIEUTENANT COLONEL TASWIN; PHILIPPINE FOREIGN MINISTRY; Request for Information | The Philippine Foreign Ministry requested up-to-date reports on the status of U.S. armed forces or bases. | Communication,LIEUTENANT COLONEL TASWIN; PHILIPPINE FOREIGN MINISTRY; Request for Information | The Phil,1,1,LIEUTENANT COLONEL TASWIN; PHILIPPINE FOREIGN MINISTRY; Request for Information | The Philippine Foreign Ministry requested up-to-date reports on the status of U.S. armed forces or bases. | Communication,"{""LEVEL1_COMMUNITY"": 1}",This group connects 1 communities around: LIEUTENANT COLONEL TASWIN; PHILIPPINE FOREIGN MINISTRY; Request for Information | The Philippine Foreign Ministry requested up-to-date reports on the status of U.S. armed forces or bases. | Communication.
38,NARRATIVE:38,DEFENSE SECRETARY GOSNJAK; YUGOSLAV PARLIAMENT,"Military posture, security forces, and regime stability",1,1,DEFENSE SECRETARY GOSNJAK; YUGOSLAV PARLIAMENT,"{""LEVEL1_COMMUNITY"": 1}",This group connects 1 communities around: DEFENSE SECRETARY GOSNJAK; YUGOSLAV PARLIAMENT.
39,NARRATIVE:39,NATIONAL YOUTH CORPS; TAIPEI RIOTS,NATIONAL YOUTH CORPS; TAIPEI RIOTS,1,1,NATIONAL YOUTH CORPS; TAIPEI RIOTS,"{""LEVEL1_COMMUNITY"": 1}",This group connects 1 communities around: NATIONAL YOUTH CORPS; TAIPEI RIOTS.
40,NARRATIVE:40,DEAN RUSK; TOKYO CONFERENCE,DEAN RUSK; TOKYO CONFERENCE,1,1,DEAN RUSK; TOKYO CONFERENCE,"{""LEVEL1_COMMUNITY"": 1}",This group connects 1 communities around: DEAN RUSK; TOKYO CONFERENCE.
41,NARRATIVE:41,LIBYANS; LIBYAN COUNCIL OF MINISTERS,LIBYANS; LIBYAN COUNCIL OF MINISTERS,1,1,LIBYANS; LIBYAN COUNCIL OF MINISTERS,"{""LEVEL1_COMMUNITY"": 1}",This group connects 1 communities around: LIBYANS; LIBYAN COUNCIL OF MINISTERS.
42,NARRATIVE:42,INDONESIAN DIPLOMATS; RUSSIAN EMBASSY,"U.S. reporting, diplomacy, and intelligence assessment",1,1,INDONESIAN DIPLOMATS; RUSSIAN EMBASSY,"{""LEVEL1_COMMUNITY"": 1}",This group connects 1 communities around: INDONESIAN DIPLOMATS; RUSSIAN EMBASSY.
43,NARRATIVE:43,GENERAL GOES MONTEIRO; US AMBASSADOR JOHNSON,GENERAL GOES MONTEIRO; US AMBASSADOR JOHNSON,1,1,GENERAL GOES MONTEIRO; US AMBASSADOR JOHNSON,"{""LEVEL1_COMMUNITY"": 1}",This group connects 1 communities around: GENERAL GOES MONTEIRO; US AMBASSADOR JOHNSON.
44,NARRATIVE:44,LAOTIAN PEOPLES LIBERATION ARMY; LAOS INVASION,Cold War crisis monitoring and escalation,1,1,LAOTIAN PEOPLES LIBERATION ARMY; LAOS INVASION,"{""LEVEL1_COMMUNITY"": 1}",This group connects 1 communities around: LAOTIAN PEOPLES LIBERATION ARMY; LAOS INVASION.
45,NARRATIVE:45,VLADIMIR USTINOV; YEKATERINA FURTSEVA,VLADIMIR USTINOV; YEKATERINA FURTSEVA,1,1,VLADIMIR USTINOV; YEKATERINA FURTSEVA,"{""LEVEL1_COMMUNITY"": 1}",This group connects 1 communities around: VLADIMIR USTINOV; YEKATERINA FURTSEVA.
46,NARRATIVE:46,CHILEAN CABINET; LABOR MINISTER FONCEA,Labor unrest and internal political pressure,1,1,CHILEAN CABINET; LABOR MINISTER FONCEA,"{""LEVEL1_COMMUNITY"": 1}",This group connects 1 communities around: CHILEAN CABINET; LABOR MINISTER FONCEA.
47,NARRATIVE:47,CONFEDERATION OF ECUADORAN WORKERS (CTE); MANABI EXPLORATION COMPANY,Labor unrest and internal political pressure,1,1,CONFEDERATION OF ECUADORAN WORKERS (CTE); MANABI EXPLORATION COMPANY,"{""LEVEL1_COMMUNITY"": 1}",This group connects 1 communities around: CONFEDERATION OF ECUADORAN WORKERS (CTE); MANABI EXPLORATION COMPANY.
48,NARRATIVE:48,EAST GERMAN MINISTRY OF TRANSPORT; Planning of post-ratification measures | East German Ministry of Transport conferred on propaganda activity and measures against West Berlin. | PolicyAction | 1,Cold War crisis monitoring and escalation,1,1,EAST GERMAN MINISTRY OF TRANSPORT; Planning of post-ratification measures | East German Ministry of Transport conferred on propaganda activity and measures against West Berlin. | PolicyAction | 1,"{""LEVEL1_COMMUNITY"": 1}",This group connects 1 communities around: EAST GERMAN MINISTRY OF TRANSPORT; Planning of post-ratification measures | East German Ministry of Transport conferred on propaganda activity and measures against West Berlin. | PolicyAction | 1.
49,NARRATIVE:49,DE GASPERI CABINET; EAST GERMAN SECURITY MINISTER,"Military posture, security forces, and regime stability",1,1,DE GASPERI CABINET; EAST GERMAN SECURITY MINISTER,"{""LEVEL1_COMMUNITY"": 1}",This group connects 1 communities around: DE GASPERI CABINET; EAST GERMAN SECURITY MINISTER.
50,NARRATIVE:50,ISRAELI TROOPS; UN OBSERVER HUTCHISON,ISRAELI TROOPS; UN OBSERVER HUTCHISON,1,1,ISRAELI TROOPS; UN OBSERVER HUTCHISON,"{""LEVEL1_COMMUNITY"": 1}",This group connects 1 communities around: ISRAELI TROOPS; UN OBSERVER HUTCHISON.
51,NARRATIVE:51,EGYPTIAN GOVERNMENT-CONTROLLED NEWS AGENCY; LEBANESE OPPOSITION LEADER,EGYPTIAN GOVERNMENT-CONTROLLED NEWS AGENCY; LEBANESE OPPOSITION LEADER,1,1,EGYPTIAN GOVERNMENT-CONTROLLED NEWS AGENCY; LEBANESE OPPOSITION LEADER,"{""LEVEL1_COMMUNITY"": 1}",This group connects 1 communities around: EGYPTIAN GOVERNMENT-CONTROLLED NEWS AGENCY; LEBANESE OPPOSITION LEADER.
52,NARRATIVE:52,MENAHIM BEGIN; Rally by Menahim Begin | Menahim Begin spoke about Israel's existence being in balance due to the Suez Canal dispute. | Speech | 1956-08-13,MENAHIM BEGIN; Rally by Menahim Begin | Menahim Begin spoke about Israel's existence being,1,1,MENAHIM BEGIN; Rally by Menahim Begin | Menahim Begin spoke about Israel's existence being in balance due to the Suez Canal dispute. | Speech | 1956-08-13,"{""LEVEL1_COMMUNITY"": 1}",This group connects 1 communities around: MENAHIM BEGIN; Rally by Menahim Begin | Menahim Begin spoke about Israel's existence being in balance due to the Suez Canal dispute. | Speech | 1956-08-13.
53,NARRATIVE:53,IRKUTSK AUTOMOBILE ASSEMBLY PLANT; MINISTRY OF THE COMMUNICATIONS EQUIPMENT INDUSTRY,IRKUTSK AUTOMOBILE ASSEMBLY PLANT; MINISTRY OF THE COMMUNICATIONS EQUIPMENT INDUSTRY,1,1,IRKUTSK AUTOMOBILE ASSEMBLY PLANT; MINISTRY OF THE COMMUNICATIONS EQUIPMENT INDUSTRY,"{""LEVEL1_COMMUNITY"": 1}",This group connects 1 communities around: IRKUTSK AUTOMOBILE ASSEMBLY PLANT; MINISTRY OF THE COMMUNICATIONS EQUIPMENT INDUSTRY.
54,NARRATIVE:54,PERON GOVERNMENT; diplomatic approaches | The Peron government made diplomatic approaches aimed at settling pending problems with the United States. | Communication | 1950-1951,"U.S. reporting, diplomacy, and intelligence assessment",1,1,PERON GOVERNMENT; diplomatic approaches | The Peron government made diplomatic approaches aimed at settling pending problems with the United States. | Communication | 1950-1951,"{""LEVEL1_COMMUNITY"": 1}",This group connects 1 communities around: PERON GOVERNMENT; diplomatic approaches | The Peron government made diplomatic approaches aimed at settling pending problems with the United States. | Communication | 1950-1951.
55,NARRATIVE:55,PHAN VAN DONG; Viet Minh foreign minister's statement | Phan Van Dong voices lack of confidence in 'the East'. | Speech,PHAN VAN DONG; Viet Minh foreign minister's statement | Phan Van Dong voices lack of confi,1,1,PHAN VAN DONG; Viet Minh foreign minister's statement | Phan Van Dong voices lack of confidence in 'the East'. | Speech,"{""LEVEL1_COMMUNITY"": 1}",This group connects 1 communities around: PHAN VAN DONG; Viet Minh foreign minister's statement | Phan Van Dong voices lack of confidence in 'the East'. | Speech.
56,NARRATIVE:56,PRESIDENT-DESIGNATE URDANETA; PRESIDENT GOMEZ,"Government leadership, cabinet politics, and state decision-making",1,1,PRESIDENT-DESIGNATE URDANETA; PRESIDENT GOMEZ,"{""LEVEL1_COMMUNITY"": 1}",This group connects 1 communities around: PRESIDENT-DESIGNATE URDANETA; PRESIDENT GOMEZ.
57,NARRATIVE:57,RADIO BUDAPEST; Broadcast Appeals | Radio Budapest broadcasts appeals from leaders to end bloodshed. | Communication | 1956-10-25,RADIO BUDAPEST; Broadcast Appeals | Radio Budapest broadcasts appeals from leaders to end ,1,1,RADIO BUDAPEST; Broadcast Appeals | Radio Budapest broadcasts appeals from leaders to end bloodshed. | Communication | 1956-10-25,"{""LEVEL1_COMMUNITY"": 1}",This group connects 1 communities around: RADIO BUDAPEST; Broadcast Appeals | Radio Budapest broadcasts appeals from leaders to end bloodshed. | Communication | 1956-10-25.
58,NARRATIVE:58,SHAMMAR; YAZIDI,SHAMMAR; YAZIDI,1,1,SHAMMAR; YAZIDI,"{""LEVEL1_COMMUNITY"": 1}",This group connects 1 communities around: SHAMMAR; YAZIDI.
59,NARRATIVE:59,POLISH ARMED FORCES; SOVIET MARSHAL ROKOSSOVSKY,"Soviet policy, leadership, and bloc maneuvering",1,1,POLISH ARMED FORCES; SOVIET MARSHAL ROKOSSOVSKY,"{""LEVEL1_COMMUNITY"": 1}",This group connects 1 communities around: POLISH ARMED FORCES; SOVIET MARSHAL ROKOSSOVSKY.
60,NARRATIVE:60,TSHOMBES FORCES; UNION OF NEGRO LABORERS AND ARTISANS,Labor unrest and internal political pressure,1,1,TSHOMBES FORCES; UNION OF NEGRO LABORERS AND ARTISANS,"{""LEVEL1_COMMUNITY"": 1}",This group connects 1 communities around: TSHOMBES FORCES; UNION OF NEGRO LABORERS AND ARTISANS.
61,NARRATIVE:61,CHEN SHAO-KUAN; Defection Appeals | Chen Shao-kuan advised military and administrative personnel in Taiwan to oppose US imperialism. | Communication | 1958-10-08,"Military posture, security forces, and regime stability",1,1,CHEN SHAO-KUAN; Defection Appeals | Chen Shao-kuan advised military and administrative personnel in Taiwan to oppose US imperialism. | Communication | 1958-10-08,"{""LEVEL1_COMMUNITY"": 1}",This group connects 1 communities around: CHEN SHAO-KUAN; Defection Appeals | Chen Shao-kuan advised military and administrative personnel in Taiwan to oppose US imperialism. | Communication | 1958-10-08.
62,NARRATIVE:62,"KOREAN UNEMPLOYED ASSOCIATION; Demonstration in Seoul | A demonstration by 2,000 members of the Korean Unemployed Association criticizing the government. | Demonstration | 23 March 1961","U.S. reporting, diplomacy, and intelligence assessment",1,1,"KOREAN UNEMPLOYED ASSOCIATION; Demonstration in Seoul | A demonstration by 2,000 members of the Korean Unemployed Association criticizing the government. | Demonstration | 23 March 1961","{""LEVEL1_COMMUNITY"": 1}","This group connects 1 communities around: KOREAN UNEMPLOYED ASSOCIATION; Demonstration in Seoul | A demonstration by 2,000 members of the Korean Unemployed Association criticizing the government. | Demonstration | 23 March 1961."
63,NARRATIVE:63,BRITISH PROPOSALS; SOVIET BROADCAST,"Soviet policy, leadership, and bloc maneuvering",1,1,BRITISH PROPOSALS; SOVIET BROADCAST,"{""LEVEL1_COMMUNITY"": 1}",This group connects 1 communities around: BRITISH PROPOSALS; SOVIET BROADCAST.
64,NARRATIVE:64,MINDAN; DEMONSTRATION,MINDAN; DEMONSTRATION,1,1,MINDAN; DEMONSTRATION,"{""LEVEL1_COMMUNITY"": 1}",This group connects 1 communities around: MINDAN; DEMONSTRATION.
65,NARRATIVE:65,GAJEWSKI; POZNAN RIOTS,GAJEWSKI; POZNAN RIOTS,1,1,GAJEWSKI; POZNAN RIOTS,"{""LEVEL1_COMMUNITY"": 1}",This group connects 1 communities around: GAJEWSKI; POZNAN RIOTS.
66,NARRATIVE:66,PUBLIC LECTURER IN MOSCOW; US SOVIET RELATIONS,"Soviet policy, leadership, and bloc maneuvering",1,1,PUBLIC LECTURER IN MOSCOW; US SOVIET RELATIONS,"{""LEVEL1_COMMUNITY"": 1}",This group connects 1 communities around: PUBLIC LECTURER IN MOSCOW; US SOVIET RELATIONS.
