node_key,degree
CANONICAL_ENTITY:14_NATION_CONFERENCE,1
CANONICAL_ENTITY:PRINCE_SIHANOUK,52
CANONICAL_ENTITY:1954_GENEVA_AGREEMENT,13
CANONICAL_ENTITY:BOUN_OUM_GOVERNMENT,130
CANONICAL_ENTITY:FRENCH_AMBASSADOR_FALAIZE,8
CANONICAL_ENTITY:FRENCH_COUNSELOR_IN_VIENTIANE,1
CANONICAL_ENTITY:FRENCH_TROOPS,4
CANONICAL_ENTITY:KONG_LE_PATHET_LAO,135
CANONICAL_ENTITY:LAOS,317
CANONICAL_ENTITY:MUONG_KASSY,50
CANONICAL_ENTITY:PHOU_KHOUN,35
CANONICAL_ENTITY:SEATO,46
CANONICAL_ENTITY:SENO_MILITARY_BASE,3
CANONICAL_ENTITY:VIENTIANE,56
EVENT_CLUSTER:142,31
EVENT_CLUSTER:285,11
CANONICAL_ENTITY:1ST_INFANTRY_DIVISION,12
CANONICAL_ENTITY:BAGHDAD,34
CANONICAL_ENTITY:GENERAL_KHANH,6
CANONICAL_ENTITY:IRAQ_PETROLEUM_COMPANY,31
CANONICAL_ENTITY:KARBALA,4
CANONICAL_ENTITY:KIRKUK,4
CANONICAL_ENTITY:MOSUL,14
CANONICAL_ENTITY:NAJAF,4
CANONICAL_ENTITY:PRESIDENT_DIEM,41
CANONICAL_ENTITY:PRIME_MINISTER_QASIM,23
EVENT_CLUSTER:616,34
EVENT_CLUSTER:638,10
EVENT_CLUSTER:639,10
CANONICAL_ENTITY:35_PERCENT_OF_THE_ELECTORATE,1
CANONICAL_ENTITY:REGENERATIVE_PARTY_OF_THE_WORKING_PEOPLE_AKEL,6
CANONICAL_ENTITY:ABBOUD,28
CANONICAL_ENTITY:ANSAR_SECT,11
CANONICAL_ENTITY:BOURGUIBA,57
CANONICAL_ENTITY:BRITAIN,43
CANONICAL_ENTITY:BRITISH_CAMEROONS,15
CANONICAL_ENTITY:CAMEROUN,16
CANONICAL_ENTITY:DE_GAULLE,131
CANONICAL_ENTITY:FERHAT_ABBAS,24
CANONICAL_ENTITY:IRAN,57
CANONICAL_ENTITY:ISFAHAN,9
CANONICAL_ENTITY:KATANGA,91
CANONICAL_ENTITY:LUMUMBA,138
CANONICAL_ENTITY:MAJOR_GENERAL_HASAN_BASHIR_NASR,7
CANONICAL_ENTITY:MOHAMMED_BEN_BELLA,9
CANONICAL_ENTITY:NATIONAL_LIBERATION_FRONT,18
CANONICAL_ENTITY:NIGERIA,37
CANONICAL_ENTITY:SIDDIQ_AL_MAHDI,9
CANONICAL_ENTITY:SUDANESE_MILITARY_GOVERNMENT,6
CANONICAL_ENTITY:SUPREME_MILITARY_COUNCIL,6
EVENT_CLUSTER:159,48
EVENT_CLUSTER:431,18
EVENT_CLUSTER:432,29
EVENT_CLUSTER:433,18
EVENT_CLUSTER:438,8
EVENT_CLUSTER:439,9
EVENT_CLUSTER:440,8
EVENT_CLUSTER:441,8
EVENT_CLUSTER:442,6
CANONICAL_ENTITY:ABDULLAH_RIMAWI,15
CANONICAL_ENTITY:ALI_ABU_NUWAR,20
CANONICAL_ENTITY:DOMINICAN_REPUBLIC,57
CANONICAL_ENTITY:JORDAN,49
CANONICAL_ENTITY:KHRUSHCHEV,194
CANONICAL_ENTITY:KOMMUNIST,9
CANONICAL_ENTITY:NASIR,88
CANONICAL_ENTITY:PRESIDENT_BETANCOURT,20
CANONICAL_ENTITY:TRUJILLO,34
CANONICAL_ENTITY:UAR,165
CANONICAL_ENTITY:VENEZUELA,12
EVENT_CLUSTER:155,25
EVENT_CLUSTER:161,11
EVENT_CLUSTER:162,32
EVENT_CLUSTER:163,34
CANONICAL_ENTITY:ACCRA,28
CANONICAL_ENTITY:AMBASSADOR_BROWN,68
CANONICAL_ENTITY:AMERICAN_AMBASSADOR,34
CANONICAL_ENTITY:AMERICAN_EMBASSY_IN_LEOPOLDVILLE,6
CANONICAL_ENTITY:BELGIAN_CONTROLLED_MINING_COMPANY,7
CANONICAL_ENTITY:CONGO,289
CANONICAL_ENTITY:DIEM_GOVERNMENT,22
CANONICAL_ENTITY:DNEPROGES,4
CANONICAL_ENTITY:GENERAL_ALEXANDER,19
CANONICAL_ENTITY:GENERAL_PHOUMI,213
CANONICAL_ENTITY:GHANA,61
CANONICAL_ENTITY:GIZENGA,261
CANONICAL_ENTITY:ILEO_GOVERNMENT,20
CANONICAL_ENTITY:INTERIOR_MINISTER_MUNONGO,7
CANONICAL_ENTITY:KING_SAVANG,78
CANONICAL_ENTITY:KING_SISAVANG_VONG,4
CANONICAL_ENTITY:NKRUMAH,34
CANONICAL_ENTITY:PHOUI_SANANIKONE,11
CANONICAL_ENTITY:PRIME_MINISTER_CHANG_MYON,6
CANONICAL_ENTITY:PRINCE_SOUPHANNOUVONG,34
EVENT_CLUSTER:804,19
EVENT_CLUSTER:805,13
EVENT_CLUSTER:806,13
EVENT_CLUSTER:870,14
EVENT_CLUSTER:871,14
EVENT_CLUSTER:872,14
EVENT_CLUSTER:873,14
EVENT_CLUSTER:874,14
CANONICAL_ENTITY:ADENAUER,140
CANONICAL_ENTITY:AFGHANISTAN,41
CANONICAL_ENTITY:AFRICAN_EXILE_GROUPS,5
CANONICAL_ENTITY:AFRICAN_NATIONAL_CONGRESS,5
CANONICAL_ENTITY:AMERICAN_EMBASSY,65
CANONICAL_ENTITY:ANDHRA_PRADESH,4
CANONICAL_ENTITY:ANGOLA,137
CANONICAL_ENTITY:ARGENTINA,35
CANONICAL_ENTITY:ARINOS,16
CANONICAL_ENTITY:BELGIUM,205
CANONICAL_ENTITY:BENEDIKTOV,16
CANONICAL_ENTITY:BERTHOLD_BEITZ,11
CANONICAL_ENTITY:BONN,56
CANONICAL_ENTITY:BRAZIL,90
CANONICAL_ENTITY:CEYLON,64
CANONICAL_ENTITY:CHIEF_LUTHULI,5
CANONICAL_ENTITY:CHRISTIAN_DEMOCRATIC_UNION,6
CANONICAL_ENTITY:COMMONWEALTH,6
CANONICAL_ENTITY:COMMONWEALTH_PRIME_MINISTERS_CONFERENCE,5
CANONICAL_ENTITY:COMMON_MARKET,35
CANONICAL_ENTITY:COMMUNIST_CHINA,345
CANONICAL_ENTITY:CYRANKIEWICZ,4
CANONICAL_ENTITY:CZECHOSLOVAKIA,53
CANONICAL_ENTITY:DEAN_ACHESON,4
CANONICAL_ENTITY:DOCTOR_MATTHEWS,5
CANONICAL_ENTITY:DOCTOR_ZUMA,5
CANONICAL_ENTITY:DUTCH,6
CANONICAL_ENTITY:DUTT,7
CANONICAL_ENTITY:EAST_GERMANY,116
CANONICAL_ENTITY:EEC,24
CANONICAL_ENTITY:EGYPT,19
CANONICAL_ENTITY:EGYPTIAN_NATIONAL_BANK,9
CANONICAL_ENTITY:ELISABETHVILLE,45
CANONICAL_ENTITY:FANFANI,14
CANONICAL_ENTITY:FRANCE,149
CANONICAL_ENTITY:FRENCH_FOREIGN_MINISTRY,24
CANONICAL_ENTITY:GENERAL_DELGADO,12
CANONICAL_ENTITY:GERMAN_DEMOCRATIC_UNION,7
CANONICAL_ENTITY:HAMMARSKJOLD,162
CANONICAL_ENTITY:HENRIQUE_GALVAO,19
CANONICAL_ENTITY:IBERIAN_LIBERATION_MOVEMENT,5
CANONICAL_ENTITY:INDIAN_COMMUNIST_PARTY,11
CANONICAL_ENTITY:INDIAN_GOVERNMENT,4
CANONICAL_ENTITY:INTERNATIONAL_MONETARY_FUND,4
CANONICAL_ENTITY:ITALY,41
CANONICAL_ENTITY:JANIO_QUADROS,32
CANONICAL_ENTITY:JEAN_MONNET,8
CANONICAL_ENTITY:KAMINA,17
CANONICAL_ENTITY:KASAVUBU,149
CANONICAL_ENTITY:KEP_AIRFIELD,6
CANONICAL_ENTITY:KONGOLO,6
CANONICAL_ENTITY:KRUPP_INDUSTRIAL_ENTERPRISES,3
CANONICAL_ENTITY:KUWAIT,6
CANONICAL_ENTITY:LEOPOLDVILLE,90
CANONICAL_ENTITY:LIBYA,20
CANONICAL_ENTITY:LONDON,9
CANONICAL_ENTITY:LUANDA,25
CANONICAL_ENTITY:LUNS,8
CANONICAL_ENTITY:LUXEMBOURG,4
CANONICAL_ENTITY:MATADI,16
CANONICAL_ENTITY:MOVEMENT_OF_THE_PEOPLE_FOR_THE_LIBERATION_OF_ANGOLA,5
CANONICAL_ENTITY:M_A_SUSLOV,6
CANONICAL_ENTITY:NATO,27
CANONICAL_ENTITY:NEHRU,50
CANONICAL_ENTITY:NORSTAD,3
CANONICAL_ENTITY:PAKISTAN,56
CANONICAL_ENTITY:PAN_AFRICANIST_CONGRESS,6
CANONICAL_ENTITY:PERONISTA_GROUPS,5
CANONICAL_ENTITY:PKI,4
CANONICAL_ENTITY:POLAND,70
CANONICAL_ENTITY:PONDOLAND,5
CANONICAL_ENTITY:PORTUGAL,113
CANONICAL_ENTITY:PRESIDENT_FRONDIZI,16
CANONICAL_ENTITY:PUSHTOON_TRIBES,13
CANONICAL_ENTITY:RAPACKI,3
CANONICAL_ENTITY:SHAH,25
CANONICAL_ENTITY:SOUTH_AFRICA,32
CANONICAL_ENTITY:SOUTH_AFRICAN_GOVERNMENT,12
CANONICAL_ENTITY:STRAUSS,9
CANONICAL_ENTITY:SYRIA,24
CANONICAL_ENTITY:ULBRICHT,18
CANONICAL_ENTITY:UN_GENERAL_ASSEMBLY,20
CANONICAL_ENTITY:USSR,408
CANONICAL_ENTITY:US_DEFENSE_POLICY,1
CANONICAL_ENTITY:VIJAYAWADA,3
CANONICAL_ENTITY:WESTERN_EUROPE,5
CANONICAL_ENTITY:WEST_BERLIN,22
CANONICAL_ENTITY:WEST_GERMANY,46
EVENT_CLUSTER:152,45
EVENT_CLUSTER:17,49
EVENT_CLUSTER:189,11
EVENT_CLUSTER:190,15
EVENT_CLUSTER:191,11
EVENT_CLUSTER:192,11
EVENT_CLUSTER:193,10
EVENT_CLUSTER:194,10
EVENT_CLUSTER:261,44
EVENT_CLUSTER:325,32
EVENT_CLUSTER:359,36
EVENT_CLUSTER:364,11
EVENT_CLUSTER:365,11
EVENT_CLUSTER:366,11
EVENT_CLUSTER:376,9
EVENT_CLUSTER:377,10
EVENT_CLUSTER:378,10
EVENT_CLUSTER:379,10
EVENT_CLUSTER:380,10
EVENT_CLUSTER:515,19
EVENT_CLUSTER:528,20
EVENT_CLUSTER:529,10
EVENT_CLUSTER:534,13
EVENT_CLUSTER:535,13
EVENT_CLUSTER:536,13
EVENT_CLUSTER:537,11
EVENT_CLUSTER:538,19
EVENT_CLUSTER:539,49
EVENT_CLUSTER:541,11
EVENT_CLUSTER:542,11
EVENT_CLUSTER:543,11
EVENT_CLUSTER:553,10
EVENT_CLUSTER:554,10
EVENT_CLUSTER:555,20
EVENT_CLUSTER:681,29
EVENT_CLUSTER:687,15
EVENT_CLUSTER:688,15
EVENT_CLUSTER:689,15
EVENT_CLUSTER:690,10
EVENT_CLUSTER:71,27
CANONICAL_ENTITY:ADENAUERS_PARTY,13
CANONICAL_ENTITY:LAOTIAN_GOVERNMENT,47
CANONICAL_ENTITY:NORTH_VIETNAM,173
CANONICAL_ENTITY:SOVIET_PRESIDIUM,7
CANONICAL_ENTITY:UNITED_STATES,181
EVENT_CLUSTER:2,110
EVENT_CLUSTER:207,37
CANONICAL_ENTITY:ADMIRAL_MARTADINATA,9
CANONICAL_ENTITY:AIR_MARSHAL_SURYADARMA,9
CANONICAL_ENTITY:ALBANIA,75
CANONICAL_ENTITY:ENVER_HOXHA,18
CANONICAL_ENTITY:GENERAL_NASUTION,31
CANONICAL_ENTITY:INDONESIA,71
CANONICAL_ENTITY:SOVIET_UNION,184
EVENT_CLUSTER:254,40
EVENT_CLUSTER:255,7
EVENT_CLUSTER:256,7
CANONICAL_ENTITY:ADOULA,15
CANONICAL_ENTITY:BOMBOKO,63
CANONICAL_ENTITY:DJAKARTA,22
CANONICAL_ENTITY:HANOI,53
CANONICAL_ENTITY:MOBUTU,139
CANONICAL_ENTITY:NORTH_VIETNAMESE_TROOPS,21
CANONICAL_ENTITY:PEIPING,166
CANONICAL_ENTITY:TSHOMB,128
CANONICAL_ENTITY:UN_COMMAND,23
EVENT_CLUSTER:388,46
EVENT_CLUSTER:673,13
EVENT_CLUSTER:674,13
EVENT_CLUSTER:675,13
CANONICAL_ENTITY:ADRIANO_MOREIRA,14
CANONICAL_ENTITY:ALGERIA,117
CANONICAL_ENTITY:FLN,4
CANONICAL_ENTITY:INDIA,91
CANONICAL_ENTITY:JAPAN,72
CANONICAL_ENTITY:MONIZ,36
CANONICAL_ENTITY:NORTH_KOREA,45
CANONICAL_ENTITY:SALAZAR,80
EVENT_CLUSTER:782,27
EVENT_CLUSTER:820,24
EVENT_CLUSTER:821,16
CANONICAL_ENTITY:AYUB,31
CANONICAL_ENTITY:BURMESE_GOVERNMENT,26
CANONICAL_ENTITY:CAIRO,59
CANONICAL_ENTITY:DAUD,6
CANONICAL_ENTITY:GENERAL_NE_WIN,37
CANONICAL_ENTITY:GERMAN_FOREIGN_MINISTRY,4
CANONICAL_ENTITY:KABUL,12
CANONICAL_ENTITY:PATHET_LAO,208
CANONICAL_ENTITY:PRIME_MINISTER_U_NU,9
CANONICAL_ENTITY:PUSHTOONISTAN,8
CANONICAL_ENTITY:PYONGYANG,5
CANONICAL_ENTITY:RAWALPINDI,5
CANONICAL_ENTITY:SOUVANNA_PHOUMA,217
CANONICAL_ENTITY:TOKYO,7
EVENT_CLUSTER:10,11
EVENT_CLUSTER:11,11
EVENT_CLUSTER:545,9
EVENT_CLUSTER:546,9
EVENT_CLUSTER:547,7
EVENT_CLUSTER:548,7
EVENT_CLUSTER:579,25
EVENT_CLUSTER:822,14
EVENT_CLUSTER:823,10
EVENT_CLUSTER:9,11
CANONICAL_ENTITY:AFGHAN_ARMY,8
CANONICAL_ENTITY:CHOSEN_SOREN,8
CANONICAL_ENTITY:PAKISTANI_GOVERNMENT,12
EVENT_CLUSTER:832,5
CANONICAL_ENTITY:AFGHAN_ARMY_UNIFORM_FACTORY,14
CANONICAL_ENTITY:ATOMIC_ENERGY_COMMISSION,44
CANONICAL_ENTITY:BAJAUR_REGION,3
CANONICAL_ENTITY:DEPARTMENT_OF_DEFENSE,22
CANONICAL_ENTITY:DEPARTMENT_OF_JUSTICE,8
CANONICAL_ENTITY:DEPARTMENT_OF_STATE,15
CANONICAL_ENTITY:FEDERAL_BUREAU_OF_INVESTIGATION,12
CANONICAL_ENTITY:NATIONAL_INDICATIONS_CENTER,14
CANONICAL_ENTITY:NATIONAL_SECURITY_AGENCY,14
CANONICAL_ENTITY:TRIBAL_TYPE_CLOTHING,1
EVENT_CLUSTER:833,13
EVENT_CLUSTER:834,13
CANONICAL_ENTITY:AFGHAN_INCURSION,1
CANONICAL_ENTITY:AFRICA,24
CANONICAL_ENTITY:ASIA,3
CANONICAL_ENTITY:ATHENS,3
CANONICAL_ENTITY:AUSTRIA,28
CANONICAL_ENTITY:COMMUNIST_PARTY,24
CANONICAL_ENTITY:CUBA,141
CANONICAL_ENTITY:EFTA,3
CANONICAL_ENTITY:FRANCISCO_CARLOS_DE_CASTRO_NEVES,4
CANONICAL_ENTITY:GREECE,36
CANONICAL_ENTITY:ISRAEL,9
CANONICAL_ENTITY:LATIN_AMERICA,3
CANONICAL_ENTITY:MARIANI,6
CANONICAL_ENTITY:MIDDLE_EAST,3
CANONICAL_ENTITY:ODYLIA_DENYS,5
CANONICAL_ENTITY:THIRD_ALL_AFRICAN_PEOPLES_CONFERENCE,7
CANONICAL_ENTITY:TUNISIA,33
CANONICAL_ENTITY:TURKEY,33
EVENT_CLUSTER:177,34
EVENT_CLUSTER:292,13
EVENT_CLUSTER:657,17
CANONICAL_ENTITY:AFRICAN_NATIONAL_CONGRESS_ANC,12
CANONICAL_ENTITY:BANK_OF_CHINA,3
CANONICAL_ENTITY:COLONIAL_OFFICE,16
CANONICAL_ENTITY:HAINAN_ISLAND,12
CANONICAL_ENTITY:JULIUS_NYERERE,9
CANONICAL_ENTITY:KAHAMA,3
CANONICAL_ENTITY:MACLEOD,7
CANONICAL_ENTITY:SIR_RICHARD_TURNBULL,3
EVENT_CLUSTER:626,29
EVENT_CLUSTER:641,13
CANONICAL_ENTITY:AFRICAN_PROVINCES,1
CANONICAL_ENTITY:AFRICAN_REVOLUTIONARY_FRONT_FOR_THE_NATIONAL_INDEPENDENCE_OF_PORTUGUESE_COLONIES,18
CANONICAL_ENTITY:CAPE_VERDE,7
CANONICAL_ENTITY:CUBAN_COMMUNISTS_POPULAR_SOCIALIST_PARTY,16
CANONICAL_ENTITY:GUINEA,33
CANONICAL_ENTITY:LUCIO_LARA,5
CANONICAL_ENTITY:PORTUGUESE_GUINEA,16
CANONICAL_ENTITY:ROBERTO_HOLDEN,14
CANONICAL_ENTITY:TOUR,12
CANONICAL_ENTITY:UNION_OF_THE_ANGOLAN_PEOPLE,9
EVENT_CLUSTER:501,5
EVENT_CLUSTER:502,5
EVENT_CLUSTER:503,5
EVENT_CLUSTER:504,5
EVENT_CLUSTER:620,7
EVENT_CLUSTER:621,7
CANONICAL_ENTITY:AFRICAN_REVOLUTIONARY_FRONT_FOR_THE_NATIONAL_INDEPENDENCE_OF_PORTUGUESE_COLONIES_FRAIN,10
CANONICAL_ENTITY:ANGOLAN_PEOPLES_UNION_UPA,43
CANONICAL_ENTITY:MONSIGNOR_MANUEL_MENDES_DAS_NEVES,7
CANONICAL_ENTITY:QASIM,45
EVENT_CLUSTER:722,7
EVENT_CLUSTER:723,7
EVENT_CLUSTER:724,7
EVENT_CLUSTER:725,7
CANONICAL_ENTITY:AFRO_ASIAN_BLOC,27
CANONICAL_ENTITY:ANTONIO_PINTO_BARBOSA,5
CANONICAL_ENTITY:CHANG_MYON,36
CANONICAL_ENTITY:DEMOCRATIC_PARTY,11
CANONICAL_ENTITY:IKEDA,22
CANONICAL_ENTITY:LIBERAL_DEMOCRATIC_PARTY_LDP,6
CANONICAL_ENTITY:MARCELLO_CAETANO,5
CANONICAL_ENTITY:NATIONAL_FRONT,14
CANONICAL_ENTITY:NATIONAL_UNION,14
CANONICAL_ENTITY:PIDE,4
CANONICAL_ENTITY:REPUBLIC_OF_THE_CONGO,37
CANONICAL_ENTITY:TSHOMBE,94
CANONICAL_ENTITY:UN,136
EVENT_CLUSTER:346,10
EVENT_CLUSTER:347,10
EVENT_CLUSTER:680,19
EVENT_CLUSTER:70,20
EVENT_CLUSTER:767,13
EVENT_CLUSTER:768,22
CANONICAL_ENTITY:AFRO_ASIAN_PLAN,1
CANONICAL_ENTITY:ECUADOREAN_GOVERNMENT,6
CANONICAL_ENTITY:AFRO_ASIAN_STATES,10
CANONICAL_ENTITY:GIZENGAS_STANLEYVILLE_REGIME,31
CANONICAL_ENTITY:MOROCCO,75
CANONICAL_ENTITY:SOVIET_GOVERNMENT,7
EVENT_CLUSTER:482,19
EVENT_CLUSTER:491,10
CANONICAL_ENTITY:AHIDJO,13
CANONICAL_ENTITY:KENYA,20
CANONICAL_ENTITY:UNION_OF_THE_CAMEROONS_POPULATIONS,6
CANONICAL_ENTITY:UNITED_STATES_AIR_FORCE,9
CANONICAL_ENTITY:UNITED_STATES_ARMY,8
CANONICAL_ENTITY:UNITED_STATES_MARINE_CORPS,4
CANONICAL_ENTITY:UNITED_STATES_NAVY,8
EVENT_CLUSTER:443,10
EVENT_CLUSTER:444,10
CANONICAL_ENTITY:AIR_FORCE_COMMANDER,15
CANONICAL_ENTITY:DAI_VIET_PARTY,6
CANONICAL_ENTITY:KIVU_PROVINCE,32
CANONICAL_ENTITY:MODIBO_KEITA,5
EVENT_CLUSTER:109,21
EVENT_CLUSTER:113,16
EVENT_CLUSTER:114,16
EVENT_CLUSTER:115,16
CANONICAL_ENTITY:AKIF_FAYIZ,13
CANONICAL_ENTITY:BADR,7
CANONICAL_ENTITY:BANI_SAKHIR,6
CANONICAL_ENTITY:HABES_MAJALLI,5
CANONICAL_ENTITY:IMAM_OF_YEMEN,5
CANONICAL_ENTITY:KING_HUSAYN,16
CANONICAL_ENTITY:MAJOR_GENERAL_AKASH_ZABIN,6
CANONICAL_ENTITY:SAUDI_ARABIA,15
CANONICAL_ENTITY:TANGANYIKA,6
EVENT_CLUSTER:640,10
CANONICAL_ENTITY:AKO_ADJEI,16
CANONICAL_ENTITY:COLONEL_ROGER_TRINQUIER,8
EVENT_CLUSTER:158,35
EVENT_CLUSTER:185,34
EVENT_CLUSTER:209,19
EVENT_CLUSTER:210,19
EVENT_CLUSTER:211,19
CANONICAL_ENTITY:ALBANIAN_WORKERS_COMMUNIST_PARTY,6
CANONICAL_ENTITY:AZORES_BASES_AGREEMENT,4
CANONICAL_ENTITY:BELGIAN_MILITARY,20
CANONICAL_ENTITY:BRITISH_COLONIAL_SECRETARY_MACLEOD,19
CANONICAL_ENTITY:CROWN_PRINCE_BADR,6
CANONICAL_ENTITY:CZECH,10
CANONICAL_ENTITY:CZECHOSLOVAK_AIRLINES,6
CANONICAL_ENTITY:DAR_ES_SALAAM,23
CANONICAL_ENTITY:IMAM,5
CANONICAL_ENTITY:KASAI_PROVINCE,14
CANONICAL_ENTITY:KHARTOUM,4
CANONICAL_ENTITY:KOCO_TASHKO,7
CANONICAL_ENTITY:LIRI_BELISHOVA,7
CANONICAL_ENTITY:MAJLIS,4
CANONICAL_ENTITY:MEHMET_SHEHU,4
CANONICAL_ENTITY:MOSCOW,96
CANONICAL_ENTITY:MRS_BANDARANAIKE,17
CANONICAL_ENTITY:SANTA_MARIA,8
CANONICAL_ENTITY:SOVIET_BLOC,37
CANONICAL_ENTITY:STANLEYVILLE,61
CANONICAL_ENTITY:SUDAN,50
CANONICAL_ENTITY:SUDANESE_GOVERNMENT,5
CANONICAL_ENTITY:TEMI_SEJKO,6
CANONICAL_ENTITY:TIRANA,10
CANONICAL_ENTITY:TITO,3
CANONICAL_ENTITY:TSHOMBES_REGIME,5
CANONICAL_ENTITY:VALONA_BAY,4
CANONICAL_ENTITY:ZERI_I_POPULLIT,6
EVENT_CLUSTER:16,36
EVENT_CLUSTER:243,16
EVENT_CLUSTER:244,10
EVENT_CLUSTER:245,10
EVENT_CLUSTER:257,9
EVENT_CLUSTER:313,9
EVENT_CLUSTER:314,9
EVENT_CLUSTER:315,15
EVENT_CLUSTER:317,14
EVENT_CLUSTER:318,10
EVENT_CLUSTER:319,10
EVENT_CLUSTER:326,12
EVENT_CLUSTER:488,23
EVENT_CLUSTER:496,9
EVENT_CLUSTER:497,9
EVENT_CLUSTER:627,9
CANONICAL_ENTITY:ALBANIAN_PARTY_CONGRESS,16
CANONICAL_ENTITY:CASTRO_REGIME,23
CANONICAL_ENTITY:COMMITTEE_OF_NATIONAL_UNION,31
CANONICAL_ENTITY:PORTUGUESE_AUTHORITIES,12
CANONICAL_ENTITY:REPUBLICAN_PEOPLES_PARTY,14
CANONICAL_ENTITY:YUGOSLAVIA,14
EVENT_CLUSTER:487,14
EVENT_CLUSTER:489,13
EVENT_CLUSTER:490,14
CANONICAL_ENTITY:ALBERT_DELVAUX,16
CANONICAL_ENTITY:AMERICAN_CONSUL,19
CANONICAL_ENTITY:BALUBA,34
CANONICAL_ENTITY:BELGIAN_ARMY,5
CANONICAL_ENTITY:BELGIAN_TRUST_TERRITORY_OF_RUANDA_URUNDI,21
CANONICAL_ENTITY:GHANAIAN_UN_TROOPS,6
CANONICAL_ENTITY:JOSEPH_ILEO,13
CANONICAL_ENTITY:LUMUMBA_COMMAND,5
EVENT_CLUSTER:122,16
EVENT_CLUSTER:123,16
EVENT_CLUSTER:124,16
EVENT_CLUSTER:125,16
CANONICAL_ENTITY:ALDO_MORO,13
CANONICAL_ENTITY:CHRISTIAN_DEMOCRATIC_PARTY,25
CANONICAL_ENTITY:COMMUNISTS,39
CANONICAL_ENTITY:GIOVANNI_MALAGODI,5
CANONICAL_ENTITY:LIBERALS,5
CANONICAL_ENTITY:NENNI,5
CANONICAL_ENTITY:SOCIALIST_PARTY,20
CANONICAL_ENTITY:TREASURY_DEPARTMENT,6
EVENT_CLUSTER:280,10
EVENT_CLUSTER:281,10
EVENT_CLUSTER:282,10
CANONICAL_ENTITY:ALFONS_GORBACH,18
CANONICAL_ENTITY:CHINESE_COMMUNIST_GOVERNMENT,9
CANONICAL_ENTITY:JULIUS_RAAB,6
CANONICAL_ENTITY:NATIONAL_DEFENSE_COMMITTEE_OF_THE_AUSTRIAN_PARLIAMENT,6
CANONICAL_ENTITY:RAAB,7
EVENT_CLUSTER:465,22
EVENT_CLUSTER:508,8
EVENT_CLUSTER:509,18
EVENT_CLUSTER:519,4
EVENT_CLUSTER:520,4
CANONICAL_ENTITY:ANTI_FASCIST_PEOPLES_FREEDOM_LEAGUE,6
CANONICAL_ENTITY:ARAB_LEAGUE,104
CANONICAL_ENTITY:AYUB_KHAN,6
CANONICAL_ENTITY:BERLIN,10
CANONICAL_ENTITY:BOURGUIBAISM,5
CANONICAL_ENTITY:BURMA,133
CANONICAL_ENTITY:CHINESE_COMMUNIST_NAVY,8
CANONICAL_ENTITY:COLONEL_ANIBAL_PORTILLO,36
CANONICAL_ENTITY:COUVE_DE_MURVILLE,6
CANONICAL_ENTITY:DR_FABIO_CASTILLO,8
CANONICAL_ENTITY:DR_JOSE_ANTONIO_RODRIGUEZ_PORTH,13
CANONICAL_ENTITY:ECUADOR,27
CANONICAL_ENTITY:ELBRICK,10
CANONICAL_ENTITY:EL_SALVADOR,67
CANONICAL_ENTITY:EYSKENS_SOCIAL_CHRISTIAN_LIBERAL_GOVERNMENT,14
CANONICAL_ENTITY:FIDEL_CASTRO,33
CANONICAL_ENTITY:GAVIN,5
CANONICAL_ENTITY:GENERAL_MAURICE_CHALLE,18
CANONICAL_ENTITY:GUILLAUME,5
CANONICAL_ENTITY:HAILE_SELASSIE,8
CANONICAL_ENTITY:IRAQ,108
CANONICAL_ENTITY:JACQUES_SOUSTELLE,4
CANONICAL_ENTITY:JOSE_CHIRIBOGA,23
CANONICAL_ENTITY:JULIO_RIVERA,15
CANONICAL_ENTITY:KOSYGIN,13
CANONICAL_ENTITY:KYAW_DUN,5
CANONICAL_ENTITY:LEBANON,3
CANONICAL_ENTITY:LOUIS_JOXE,17
CANONICAL_ENTITY:MANUEL_GOMES_DE_ARAUJO,5
CANONICAL_ENTITY:MARIO_SILVA,5
CANONICAL_ENTITY:MARSHAL_ALPHONSE_JUIN,6
CANONICAL_ENTITY:NIKOLAI_BURDENKO,7
CANONICAL_ENTITY:OSORIO,28
CANONICAL_ENTITY:PAG,39
CANONICAL_ENTITY:PAUL_ELY,6
CANONICAL_ENTITY:PROVISIONAL_ALGERIAN_GOVERNMENT,27
CANONICAL_ENTITY:RUANDA_URUNDI,13
CANONICAL_ENTITY:SACEUR,6
CANONICAL_ENTITY:SAN_SALVADOR,8
CANONICAL_ENTITY:TUNIS,9
CANONICAL_ENTITY:UNION_PARTY,6
CANONICAL_ENTITY:UNITED_STATES_INTELLIGENCE_BOARD,13
CANONICAL_ENTITY:U_NU,22
CANONICAL_ENTITY:WEST,3
EVENT_CLUSTER:12,9
EVENT_CLUSTER:13,9
EVENT_CLUSTER:202,42
EVENT_CLUSTER:215,16
EVENT_CLUSTER:227,6
EVENT_CLUSTER:228,6
EVENT_CLUSTER:229,8
EVENT_CLUSTER:232,11
EVENT_CLUSTER:233,11
EVENT_CLUSTER:234,11
EVENT_CLUSTER:238,5
EVENT_CLUSTER:239,5
EVENT_CLUSTER:308,18
EVENT_CLUSTER:4,26
EVENT_CLUSTER:45,16
EVENT_CLUSTER:46,40
EVENT_CLUSTER:47,10
EVENT_CLUSTER:5,14
EVENT_CLUSTER:6,20
EVENT_CLUSTER:7,17
EVENT_CLUSTER:783,7
EVENT_CLUSTER:784,13
EVENT_CLUSTER:785,7
EVENT_CLUSTER:826,12
EVENT_CLUSTER:827,12
EVENT_CLUSTER:828,12
EVENT_CLUSTER:846,17
EVENT_CLUSTER:847,17
EVENT_CLUSTER:848,17
EVENT_CLUSTER:849,17
CANONICAL_ENTITY:ALGERIANS,1
CANONICAL_ENTITY:ALGERIAN_NATIONAL_MOVEMENT_MNA,9
CANONICAL_ENTITY:FRENCH_GOVERNMENT,22
CANONICAL_ENTITY:LAI_MING_TANG,5
CANONICAL_ENTITY:MESSALI_HADJ,9
CANONICAL_ENTITY:THAILAND,25
EVENT_CLUSTER:231,52
EVENT_CLUSTER:655,7
CANONICAL_ENTITY:ALGERIAN_REBELS,20
CANONICAL_ENTITY:CASABLANCA_CONFERENCE,6
CANONICAL_ENTITY:FANFANI_CABINET,6
CANONICAL_ENTITY:FRENCH_MILITARY,7
CANONICAL_ENTITY:SOUTH_KOREA,68
CANONICAL_ENTITY:SYNGMAN_RHEE,22
CANONICAL_ENTITY:TRIPOLI,8
CANONICAL_ENTITY:UNITED_KINGDOM,19
EVENT_CLUSTER:196,6
EVENT_CLUSTER:197,6
EVENT_CLUSTER:334,9
EVENT_CLUSTER:335,9
EVENT_CLUSTER:336,9
EVENT_CLUSTER:88,41
CANONICAL_ENTITY:ALGERIAN_REBEL_GOVERNMENT,13
CANONICAL_ENTITY:MANONO,14
CANONICAL_ENTITY:SOUTH_AFRICAN_LEGIONNAIRES,4
EVENT_CLUSTER:581,31
EVENT_CLUSTER:622,24
EVENT_CLUSTER:623,11
CANONICAL_ENTITY:ALGERIAN_REBEL_LEADERS,1
CANONICAL_ENTITY:ALGIERS,23
CANONICAL_ENTITY:BREZHNEV,8
CANONICAL_ENTITY:GARY_POWERS,7
CANONICAL_ENTITY:KING_MOHAMMED_V,6
CANONICAL_ENTITY:KUMYKIN,7
CANONICAL_ENTITY:SALAZAR_REGIME,18
EVENT_CLUSTER:414,7
EVENT_CLUSTER:415,26
EVENT_CLUSTER:416,22
EVENT_CLUSTER:417,7
EVENT_CLUSTER:419,18
EVENT_CLUSTER:420,18
EVENT_CLUSTER:421,18
CANONICAL_ENTITY:ALICAN,22
CANONICAL_ENTITY:BAYAR,5
CANONICAL_ENTITY:FEYZIOGLU,5
CANONICAL_ENTITY:INONU,5
CANONICAL_ENTITY:MENDERES,5
CANONICAL_ENTITY:NEW_TURKEY_PARTY,5
CANONICAL_ENTITY:PHOUMI_FORCES,15
EVENT_CLUSTER:0,27
EVENT_CLUSTER:498,12
EVENT_CLUSTER:499,12
EVENT_CLUSTER:500,12
EVENT_CLUSTER:8,8
CANONICAL_ENTITY:ALIONE_DIAKITE,11
CANONICAL_ENTITY:GIZENGA_REGIME,29
CANONICAL_ENTITY:LIBERAL_PARTY,16
CANONICAL_ENTITY:SOCIAL_CHRISTIAN_PARTY,5
CANONICAL_ENTITY:THEO_LEFEVRE,8
CANONICAL_ENTITY:TSHOMB_S_GOVERNMENT,16
EVENT_CLUSTER:130,30
EVENT_CLUSTER:741,9
EVENT_CLUSTER:742,9
CANONICAL_ENTITY:BAATH_PARTY,6
CANONICAL_ENTITY:JORDANIAN_AGENTS,6
CANONICAL_ENTITY:KALONJI,23
CANONICAL_ENTITY:LEBANESE_AUTHORITIES,6
CANONICAL_ENTITY:MAJALLI,6
CANONICAL_ENTITY:MICHEL_AFLAQ,6
EVENT_CLUSTER:143,21
EVENT_CLUSTER:171,15
EVENT_CLUSTER:172,15
EVENT_CLUSTER:173,15
CANONICAL_ENTITY:AMBASSADOR_LODGE,5
CANONICAL_ENTITY:AMBASSADOR_STEVENSON,32
CANONICAL_ENTITY:AMBASSADOR_THOMPSON,57
CANONICAL_ENTITY:BARROSO,5
CANONICAL_ENTITY:BOUN_OUM,99
CANONICAL_ENTITY:CABINDA,18
CANONICAL_ENTITY:CAMBODIA,24
CANONICAL_ENTITY:CHINESE_NATIONALIST_IRREGULARS,43
CANONICAL_ENTITY:DAYAL,20
CANONICAL_ENTITY:GENERAL_FRANCO,9
CANONICAL_ENTITY:INDIAN_AMBASSADOR_RATNAM,9
CANONICAL_ENTITY:LAOTIAN_ARMY,43
CANONICAL_ENTITY:LUANG_PRABANG,49
CANONICAL_ENTITY:MALAYA,13
CANONICAL_ENTITY:MALI,22
CANONICAL_ENTITY:MEO_GUERRILLAS,6
CANONICAL_ENTITY:MUONG_KASSY_OPERATION,2
CANONICAL_ENTITY:MUONG_SAI,16
CANONICAL_ENTITY:NAMTHA_PROVINCE,5
CANONICAL_ENTITY:NAM_BAC,24
CANONICAL_ENTITY:NEO_LAO_HAK_SAT_NLHS,15
CANONICAL_ENTITY:PHONG_SALY_PROVINCE,18
CANONICAL_ENTITY:SOUTH_VIETNAM,65
EVENT_CLUSTER:157,45
EVENT_CLUSTER:272,38
EVENT_CLUSTER:426,24
EVENT_CLUSTER:485,33
EVENT_CLUSTER:494,13
EVENT_CLUSTER:556,16
EVENT_CLUSTER:557,16
EVENT_CLUSTER:584,17
EVENT_CLUSTER:585,17
EVENT_CLUSTER:586,17
EVENT_CLUSTER:648,7
EVENT_CLUSTER:649,7
EVENT_CLUSTER:650,7
EVENT_CLUSTER:670,11
EVENT_CLUSTER:671,11
EVENT_CLUSTER:672,11
EVENT_CLUSTER:778,13
EVENT_CLUSTER:779,13
EVENT_CLUSTER:780,13
EVENT_CLUSTER:781,13
CANONICAL_ENTITY:AMBASSADOR_DRUMRIGHT,13
CANONICAL_ENTITY:BURMESE_ARMY,42
CANONICAL_ENTITY:CHIANG_CHING_KUO,19
CANONICAL_ENTITY:CHINESE_COMMUNISTS,21
CANONICAL_ENTITY:KONG_LAP,3
CANONICAL_ENTITY:MEKONG_RIVER,3
CANONICAL_ENTITY:MONG_PA_LIAO,3
CANONICAL_ENTITY:YUNNAN_PROVINCE,7
EVENT_CLUSTER:235,11
CANONICAL_ENTITY:AMBASSADOR_REISCHAUER,11
CANONICAL_ENTITY:AYUB_REGIME,5
CANONICAL_ENTITY:EISAKU_SATO,5
CANONICAL_ENTITY:FINANCE_MINISTER_MIZUTA,3
CANONICAL_ENTITY:ICHIRO_KONO,13
CANONICAL_ENTITY:TAKEO_MIKI,4
EVENT_CLUSTER:769,10
EVENT_CLUSTER:770,10
CANONICAL_ENTITY:GENERAL_LUNDULA,26
CANONICAL_ENTITY:JOMO_KENYATTA,12
CANONICAL_ENTITY:LEOPOLDVILLE_GOVERNMENT,21
CANONICAL_ENTITY:PAUL_HENRI_SPAAK,5
CANONICAL_ENTITY:TRINQUIER,16
CANONICAL_ENTITY:ZORIN,18
EVENT_CLUSTER:392,12
EVENT_CLUSTER:393,16
EVENT_CLUSTER:394,12
EVENT_CLUSTER:395,12
EVENT_CLUSTER:396,12
EVENT_CLUSTER:730,11
EVENT_CLUSTER:731,11
EVENT_CLUSTER:732,11
CANONICAL_ENTITY:BALUBA_FORCES,4
CANONICAL_ENTITY:BRUSSELS,28
CANONICAL_ENTITY:CIVIL_MILITARY_JUNTA,5
CANONICAL_ENTITY:COMMUNIST,4
CANONICAL_ENTITY:DEFENSE_MINISTER_CASTILLO,5
CANONICAL_ENTITY:DELVAUX,14
CANONICAL_ENTITY:DEPUTY_FOREIGN_MINISTER_PUSHKIN,7
CANONICAL_ENTITY:GROMYKO,36
CANONICAL_ENTITY:ILEO,22
CANONICAL_ENTITY:KIBWE,10
CANONICAL_ENTITY:KUZNETSOV,18
CANONICAL_ENTITY:MAYOR_BRANDT,13
CANONICAL_ENTITY:SOCIAL_DEMOCRATIC_PARTY_SPD,10
CANONICAL_ENTITY:THOMAZ,24
EVENT_CLUSTER:129,41
EVENT_CLUSTER:131,27
EVENT_CLUSTER:372,28
EVENT_CLUSTER:549,24
EVENT_CLUSTER:550,7
EVENT_CLUSTER:551,7
EVENT_CLUSTER:552,7
EVENT_CLUSTER:559,16
EVENT_CLUSTER:560,16
EVENT_CLUSTER:561,21
EVENT_CLUSTER:562,16
EVENT_CLUSTER:763,9
EVENT_CLUSTER:764,9
EVENT_CLUSTER:765,9
EVENT_CLUSTER:766,9
CANONICAL_ENTITY:AMBASSADOR_TIMBERLAKE,37
CANONICAL_ENTITY:CHOU,3
CANONICAL_ENTITY:CONFERENCE_OF_CONGOLESE_LEADERS,3
CANONICAL_ENTITY:CONGOLESE_PARLIAMENT,4
CANONICAL_ENTITY:JEAN_BOLIKANGO,20
CANONICAL_ENTITY:KAMITATU,18
CANONICAL_ENTITY:KING_MAHENDRA,29
CANONICAL_ENTITY:KOIRALA,9
CANONICAL_ENTITY:LUMUMBA_SUPPORTERS,9
CANONICAL_ENTITY:NEPALI_CONGRESS,17
CANONICAL_ENTITY:RANGOON,23
CANONICAL_ENTITY:TANANARIVE,11
EVENT_CLUSTER:150,17
EVENT_CLUSTER:220,58
EVENT_CLUSTER:580,10
EVENT_CLUSTER:590,11
EVENT_CLUSTER:591,11
EVENT_CLUSTER:610,12
EVENT_CLUSTER:611,12
CANONICAL_ENTITY:AMERICANS,1
CANONICAL_ENTITY:SOVIET_CHARGE,1
CANONICAL_ENTITY:BOLIVIAN_GOVERNMENT,9
CANONICAL_ENTITY:BRITISH_EMBASSY,4
CANONICAL_ENTITY:DEPUTY_FOREIGN_MINISTER_HAJEK,4
CANONICAL_ENTITY:EMPEROR,4
CANONICAL_ENTITY:GENERAL_MENGHISTU,3
CANONICAL_ENTITY:NATIONALIST_CHINA,26
CANONICAL_ENTITY:PHILIPPINES,13
CANONICAL_ENTITY:PRESIDENT_PAZ,8
CANONICAL_ENTITY:SERRANO,13
EVENT_CLUSTER:151,13
EVENT_CLUSTER:309,24
EVENT_CLUSTER:310,9
CANONICAL_ENTITY:LISBON,23
CANONICAL_ENTITY:SITUATION_IN_KATANGA_PROVINCE,1
CANONICAL_ENTITY:SPAIN,17
EVENT_CLUSTER:582,20
EVENT_CLUSTER:592,11
CANONICAL_ENTITY:AMERICAN_CONSULATE_GENERAL_IN_HONG_KONG,9
CANONICAL_ENTITY:COLOMBIAN_FOREIGN_MINISTER_TURBAY,9
CANONICAL_ENTITY:KWANGTUNG,5
CANONICAL_ENTITY:MEXICAN_FOREIGN_MINISTER_TELLO,6
CANONICAL_ENTITY:ORGANIZATION_OF_AMERICAN_STATES,19
CANONICAL_ENTITY:PEOPLES_DAILY,19
CANONICAL_ENTITY:SHANTUNG,5
EVENT_CLUSTER:65,8
EVENT_CLUSTER:66,7
EVENT_CLUSTER:67,10
CANONICAL_ENTITY:AMERICAN_CONSUL_GENERAL_IN_SALISBURY,15
CANONICAL_ENTITY:FEDERATION_OF_RHODESIA_AND_NYASALAND,9
EVENT_CLUSTER:467,16
EVENT_CLUSTER:468,16
EVENT_CLUSTER:469,16
EVENT_CLUSTER:470,16
EVENT_CLUSTER:471,16
CANONICAL_ENTITY:BAGHDAD_UNIVERSITY,4
CANONICAL_ENTITY:BALUBA_IRREGULARS,5
CANONICAL_ENTITY:BANI_SAKHIR_BEDOUIN_TRIBE,5
CANONICAL_ENTITY:BRITISH_OFFICIALS,7
CANONICAL_ENTITY:CHEN_YI,87
CANONICAL_ENTITY:CHILE,40
CANONICAL_ENTITY:COLOMBO,8
CANONICAL_ENTITY:COL_CASTILLO_NAVARRETE,13
CANONICAL_ENTITY:DEFENSE_LOAN_FUND,4
CANONICAL_ENTITY:FELICIANO_AVELAR,3
CANONICAL_ENTITY:JOSE_ENRIQUE_VALIENTE,3
CANONICAL_ENTITY:KING_MOHAMED_V,17
CANONICAL_ENTITY:MASMOUDI,5
CANONICAL_ENTITY:MILITARY_GOVERNOR_ABDI,4
CANONICAL_ENTITY:PHNOM_PENH,40
EVENT_CLUSTER:145,14
EVENT_CLUSTER:146,14
EVENT_CLUSTER:147,14
EVENT_CLUSTER:148,19
EVENT_CLUSTER:240,9
EVENT_CLUSTER:241,9
EVENT_CLUSTER:320,16
EVENT_CLUSTER:321,16
EVENT_CLUSTER:322,16
EVENT_CLUSTER:624,17
EVENT_CLUSTER:625,17
EVENT_CLUSTER:667,10
EVENT_CLUSTER:668,10
EVENT_CLUSTER:669,10
CANONICAL_ENTITY:AMERICAN_EMBASSY_IN_PARIS,1
CANONICAL_ENTITY:AMERICAN_INTEREST,1
CANONICAL_ENTITY:AMERICAN_PEOPLE,1
CANONICAL_ENTITY:ANDRE_RENARD,10
CANONICAL_ENTITY:EYSKENS_GOVERNMENT,9
CANONICAL_ENTITY:GENERAL_FEDERATION_OF_BELGIAN_WORKERS_FGTB,6
CANONICAL_ENTITY:KING_BAUDOUIN,9
CANONICAL_ENTITY:LIEGE,4
CANONICAL_ENTITY:MONS,3
CANONICAL_ENTITY:ROMAN_CATHOLIC_TRADE_UNIONS_CSC,4
EVENT_CLUSTER:92,8
CANONICAL_ENTITY:ANGLO_AMERICAN_CONSORTIUM,14
CANONICAL_ENTITY:BOTELHO_MONIZ,30
CANONICAL_ENTITY:CEYLONESE_FINANCE_MINISTER,5
CANONICAL_ENTITY:MARCENIO_CAETANO,5
EVENT_CLUSTER:323,12
EVENT_CLUSTER:324,12
CANONICAL_ENTITY:ANGLO_ITALIAN_NEGOTIATING_TEAM,15
CANONICAL_ENTITY:BALEWA,6
CANONICAL_ENTITY:MOGADISCIO,5
CANONICAL_ENTITY:SOMALI_ARMY,20
EVENT_CLUSTER:22,12
EVENT_CLUSTER:23,12
EVENT_CLUSTER:24,37
EVENT_CLUSTER:25,12
CANONICAL_ENTITY:AVERKY_ARISTOV,33
CANONICAL_ENTITY:CAMARA_PINA,9
CANONICAL_ENTITY:COLOMBIA,36
CANONICAL_ENTITY:DEFENSE_MINISTER_BOTELHO_MONIZ,14
CANONICAL_ENTITY:FINANCE_MINISTER_SHAHA,5
CANONICAL_ENTITY:FRENCH_FOREIGN_MINISTER_COUVE_DE_MURVILLE,7
CANONICAL_ENTITY:GALVAO,11
CANONICAL_ENTITY:GENERAL_BELEZA_FERRAZ,7
CANONICAL_ENTITY:IZVESTIA,23
CANONICAL_ENTITY:MARSHAL_CRAVEIRO_LOPES,7
CANONICAL_ENTITY:MILITARY,10
CANONICAL_ENTITY:MILITARY_OPERATION_IN_ANGOLA,1
CANONICAL_ENTITY:NEPAL,23
CANONICAL_ENTITY:PORTUGUESE_GOVERNMENT,18
CANONICAL_ENTITY:PROTESTANT_MISSIONS,1
CANONICAL_ENTITY:ULAN_BATOR,11
CANONICAL_ENTITY:US_EMBASSY_IN_LISBON,6
CANONICAL_ENTITY:VIOLENCE_IN_ANGOLA,1
EVENT_CLUSTER:101,39
EVENT_CLUSTER:263,8
EVENT_CLUSTER:264,8
EVENT_CLUSTER:265,8
EVENT_CLUSTER:354,18
EVENT_CLUSTER:355,27
EVENT_CLUSTER:356,13
EVENT_CLUSTER:357,13
EVENT_CLUSTER:358,13
EVENT_CLUSTER:360,13
EVENT_CLUSTER:361,13
EVENT_CLUSTER:427,6
EVENT_CLUSTER:428,6
EVENT_CLUSTER:429,6
EVENT_CLUSTER:55,35
EVENT_CLUSTER:600,9
EVENT_CLUSTER:601,9
EVENT_CLUSTER:602,9
EVENT_CLUSTER:643,25
EVENT_CLUSTER:677,8
EVENT_CLUSTER:678,8
EVENT_CLUSTER:679,8
EVENT_CLUSTER:682,23
EVENT_CLUSTER:713,11
EVENT_CLUSTER:726,5
EVENT_CLUSTER:727,5
EVENT_CLUSTER:728,5
EVENT_CLUSTER:838,12
EVENT_CLUSTER:839,12
EVENT_CLUSTER:840,12
CANONICAL_ENTITY:BRAZZAVILLE,9
CANONICAL_ENTITY:CONFERENCE_OF_THE_PEOPLES_OF_THE_PORTUGUESE_COLONIES,6
CANONICAL_ENTITY:CONGOLESE_FACTIONS,7
CANONICAL_ENTITY:GENERAL_NGUYEN_CHI_THANH,20
CANONICAL_ENTITY:GENERAL_VO_NGUYEN_GIAP,10
CANONICAL_ENTITY:MARCH_UPRISINGS,1
CANONICAL_ENTITY:SOVIET_EMBASSY,11
CANONICAL_ENTITY:TERRORIST_ATTACKS_IN_ANGOLA,1
EVENT_CLUSTER:563,10
EVENT_CLUSTER:564,10
EVENT_CLUSTER:565,10
EVENT_CLUSTER:583,18
EVENT_CLUSTER:714,13
EVENT_CLUSTER:794,7
CANONICAL_ENTITY:ANICET_KASHAMURA,30
CANONICAL_ENTITY:BUKAVU,7
CANONICAL_ENTITY:ETHIOPIA,31
CANONICAL_ENTITY:GIZENGA_DISSIDENTS,13
CANONICAL_ENTITY:KIMBA,8
CANONICAL_ENTITY:SOMALI_REPUBLIC,24
EVENT_CLUSTER:18,12
EVENT_CLUSTER:19,12
EVENT_CLUSTER:20,12
EVENT_CLUSTER:21,22
EVENT_CLUSTER:26,11
EVENT_CLUSTER:27,11
EVENT_CLUSTER:28,11
EVENT_CLUSTER:29,11
EVENT_CLUSTER:30,21
EVENT_CLUSTER:31,11
CANONICAL_ENTITY:ANTIGOVERNMENT,8
CANONICAL_ENTITY:THA_THOM,37
CANONICAL_ENTITY:VANG_VIENG,19
CANONICAL_ENTITY:XIENG_KHOUANG_PROVINCE,45
EVENT_CLUSTER:208,8
CANONICAL_ENTITY:ANTI_AMERICAN_SENTIMENT,1
CANONICAL_ENTITY:CHANG_ADMINISTRATION,8
CANONICAL_ENTITY:ANTI_COMMUNIST_FEDERATION,1
CANONICAL_ENTITY:PAN_CYPRIAN_FEDERATION_OF_LABOR_PEO,6
CANONICAL_ENTITY:ANTI_COMMUNIST_TEACHERS,14
CANONICAL_ENTITY:COMMUNIST_ELEMENTS,6
CANONICAL_ENTITY:HUNZA,5
CANONICAL_ENTITY:IRAQI_MILITARY_COURTS,5
CANONICAL_ENTITY:KARAKORAM_MOUNTAIN_RANGE,5
EVENT_CLUSTER:126,17
EVENT_CLUSTER:127,18
EVENT_CLUSTER:132,14
EVENT_CLUSTER:133,14
CANONICAL_ENTITY:ANTI_WHITE_ACTIVITIES,1
CANONICAL_ENTITY:APRIL_AND_MAY_REVOLUTIONARY_PARTY,7
CANONICAL_ENTITY:COLONEL_CASTILLO_NAVARETTE,7
CANONICAL_ENTITY:COLONEL_YANEZ,7
CANONICAL_ENTITY:COUP_PLANNING,4
EVENT_CLUSTER:138,5
CANONICAL_ENTITY:BOLIVIA,32
CANONICAL_ENTITY:BRITISH_BONDHOLDERS,5
CANONICAL_ENTITY:CROWN_PRINCE_FAYSAL,5
CANONICAL_ENTITY:FAYSAL,6
CANONICAL_ENTITY:IRANIAN_GOVERNMENT,6
CANONICAL_ENTITY:IRAQI_COMMUNISTS,4
CANONICAL_ENTITY:KAKWANGA,7
CANONICAL_ENTITY:KING_SAUD,14
CANONICAL_ENTITY:MENGHISTU_NEWAY,5
CANONICAL_ENTITY:MOROCCANS,6
CANONICAL_ENTITY:NURI_SAID,2
CANONICAL_ENTITY:PAZ_ESTENSSORO,19
CANONICAL_ENTITY:SALAH_BEN_YOUSSEF,5
CANONICAL_ENTITY:SARRAJ,6
CANONICAL_ENTITY:STROM,5
CANONICAL_ENTITY:YEMEN,6
EVENT_CLUSTER:221,20
EVENT_CLUSTER:246,21
EVENT_CLUSTER:247,22
EVENT_CLUSTER:258,11
EVENT_CLUSTER:259,11
EVENT_CLUSTER:297,13
EVENT_CLUSTER:298,13
EVENT_CLUSTER:304,14
EVENT_CLUSTER:305,14
EVENT_CLUSTER:306,14
EVENT_CLUSTER:307,14
EVENT_CLUSTER:327,13
EVENT_CLUSTER:328,26
EVENT_CLUSTER:329,13
EVENT_CLUSTER:330,13
EVENT_CLUSTER:331,13
EVENT_CLUSTER:44,24
EVENT_CLUSTER:76,17
EVENT_CLUSTER:85,8
EVENT_CLUSTER:86,8
EVENT_CLUSTER:87,8
CANONICAL_ENTITY:ARBENZ,13
CANONICAL_ENTITY:GUATEMALA,11
CANONICAL_ENTITY:PERU,3
CANONICAL_ENTITY:VELASCO,10
EVENT_CLUSTER:773,12
EVENT_CLUSTER:774,12
CANONICAL_ENTITY:ARDESHIR_ZAHEDI,8
CANONICAL_ENTITY:GENERAL_ALAVI_MOQADAM,14
CANONICAL_ENTITY:GENERAL_AMIR_AZIZI,7
CANONICAL_ENTITY:GENERAL_TIMUR_BAKHTIAR,3
CANONICAL_ENTITY:HOSSEIN_QODS_NAKHAI,3
CANONICAL_ENTITY:SAVAK,2
CANONICAL_ENTITY:CONGRESS_PARTY,17
CANONICAL_ENTITY:GENERAL_CONFEDERATION_OF_LABOR,5
CANONICAL_ENTITY:GENERAL_TORANZO_MONTERO,12
CANONICAL_ENTITY:GORKHA_PARISHAD,4
CANONICAL_ENTITY:INTER_AMERICAN_CONFERENCE,5
CANONICAL_ENTITY:KING,4
CANONICAL_ENTITY:NEW_DELHI,16
CANONICAL_ENTITY:PANAMA,5
CANONICAL_ENTITY:PERONISTAS,7
CANONICAL_ENTITY:URUGUAY,5
EVENT_CLUSTER:612,16
EVENT_CLUSTER:613,16
EVENT_CLUSTER:614,16
EVENT_CLUSTER:68,10
EVENT_CLUSTER:69,10
CANONICAL_ENTITY:CYPRUS,17
CANONICAL_ENTITY:MONGOLIA,9
CANONICAL_ENTITY:REPUBLIC_OF_MALI,8
CANONICAL_ENTITY:US_EMBASSY_IN_NICOSIA,4
CANONICAL_ENTITY:ARMANDO_VELASQUEZ,8
CANONICAL_ENTITY:COLONEL_LOPEZ,8
CANONICAL_ENTITY:CONSERVATIVE_NATIONALIST_PARTY,8
CANONICAL_ENTITY:VILLEDA,25
EVENT_CLUSTER:858,5
EVENT_CLUSTER:859,5
EVENT_CLUSTER:860,5
CANONICAL_ENTITY:ARMED_FORCES,12
CANONICAL_ENTITY:COLOMBIAN_GOVERNMENT,7
CANONICAL_ENTITY:PRO_CASTRO_ELEMENTS,7
CANONICAL_ENTITY:VENEZUELAN_GOVERNMENT,15
EVENT_CLUSTER:311,8
EVENT_CLUSTER:312,8
CANONICAL_ENTITY:ARMY,1
CANONICAL_ENTITY:ARRIVAL_OF_CHINESE_DELEGATION,1
CANONICAL_ENTITY:CHINESE_DELEGATION,1
CANONICAL_ENTITY:ASSISTANT_CHIEF_OF_STAFF_FOR_INTELLIGENCE_DEPARTMENT_OF_ARMY,13
CANONICAL_ENTITY:ASSISTANT_CHIEF_OF_STAFF_INTELLIGENCE_DEPARTMENT_OF_THE_AIR_FORCE,1
CANONICAL_ENTITY:ASSISTANT_SECRETARY_OF_DEFENSE_INTERNATIONAL_SECURITY_AFFAIRS,1
CANONICAL_ENTITY:ASSISTANT_TO_SECRETARY_OF_DEFENSE_SPECIAL_OPERATIONS,1
CANONICAL_ENTITY:ATTORNEY_GENERAL,3
CANONICAL_ENTITY:CHAIRMAN,1
CANONICAL_ENTITY:CHAIRMAN_ATOMIC_ENERGY_COMMISSION,1
CANONICAL_ENTITY:CHAIRMAN_THE_JOINT_CHIEFS_OF_STAFF,1
CANONICAL_ENTITY:CHIEF_OF_NAVAL_OPERATIONS_UNITED_STATES_NAVY,1
CANONICAL_ENTITY:CHIEF_OF_STAFF_UNITED_STATES_AIR_FORCE,1
CANONICAL_ENTITY:CHIEF_OF_STAFF_UNITED_STATES_ARMY,1
CANONICAL_ENTITY:COMMANDANT_UNITED_STATES_MARINE_CORPS,1
CANONICAL_ENTITY:COMMANDER_IN_CHIEF_PACIFIC,1
CANONICAL_ENTITY:ATAMAN,8
CANONICAL_ENTITY:GURSEL,16
CANONICAL_ENTITY:OZDILEK,3
CANONICAL_ENTITY:SARPER,8
CANONICAL_ENTITY:CENTRAL_INTELLIGENCE_BULLETIN,17
CANONICAL_ENTITY:DEPARTMENT_OF_COMMERCE,2
CANONICAL_ENTITY:DIRECTOR_INTERNATIONAL_COOPERATION_ADMINISTRATION,1
CANONICAL_ENTITY:EXECUTIVE_OFFICES_OF_THE_WHITE_HOUSE,3
CANONICAL_ENTITY:HAIPHONG,20
CANONICAL_ENTITY:INTERNATIONAL_COOPERATION_ADMINISTRATION,1
CANONICAL_ENTITY:OAS,28
CANONICAL_ENTITY:SAM_NEUA_PROVINCE,6
CANONICAL_ENTITY:SANTA_FE_PROVINCE,7
CANONICAL_ENTITY:SECRETARY_OF_COMMERCE,1
CANONICAL_ENTITY:SECRETARY_OF_DEFENSE,1
CANONICAL_ENTITY:SECRETARY_OF_STATE,1
CANONICAL_ENTITY:THE_PRESIDENT,7
CANONICAL_ENTITY:THE_TREASURY_DEPARTMENT,1
CANONICAL_ENTITY:THE_VICE_PRESIDENT,6
CANONICAL_ENTITY:UNDER_SECRETARY_OF_STATE,1
CANONICAL_ENTITY:UNITED_STATES_INFORMATION_AGENCY,9
EVENT_CLUSTER:183,13
EVENT_CLUSTER:353,12
EVENT_CLUSTER:604,22
EVENT_CLUSTER:642,14
CANONICAL_ENTITY:AUNG_SHWE,12
CANONICAL_ENTITY:BRIGADIER_AUNG_GYI,12
CANONICAL_ENTITY:BRIGADIER_MAUNG_MAUNG,12
CANONICAL_ENTITY:BRITISH_FOREIGN_OFFICE,4
EVENT_CLUSTER:373,31
CANONICAL_ENTITY:BOLZANO_PROVINCE,5
CANONICAL_ENTITY:CHANG_MYON_GOVERNMENT,38
CANONICAL_ENTITY:ITALIAN_SOCIAL_MOVEMENT,4
CANONICAL_ENTITY:SOUTH_TIROL,4
EVENT_CLUSTER:348,10
EVENT_CLUSTER:349,10
CANONICAL_ENTITY:AUTHENTIC_MNR,12
CANONICAL_ENTITY:INTER_AMERICAN_DEVELOPMENT_BANK,4
CANONICAL_ENTITY:LA_PAZ,3
CANONICAL_ENTITY:MINE_CORPORATION_OF_BOLIVIA_COMIBOL,3
CANONICAL_ENTITY:MNR,2
CANONICAL_ENTITY:NATIONALIST_REVOLUTIONARY_MOVEMENT_MNR,4
CANONICAL_ENTITY:TROTSKYITES,3
EVENT_CLUSTER:868,15
EVENT_CLUSTER:877,10
CANONICAL_ENTITY:DMITRY_POLYANSKY,10
CANONICAL_ENTITY:FROL_KOZLOV,19
CANONICAL_ENTITY:GENNADY_VORONOV,9
CANONICAL_ENTITY:KHAMSOUK_KEOLA,22
CANONICAL_ENTITY:PETR_ABRASIMOV,4
CANONICAL_ENTITY:RSFSR_BUREAU,4
CANONICAL_ENTITY:WARSAW,22
EVENT_CLUSTER:362,11
EVENT_CLUSTER:363,11
EVENT_CLUSTER:369,7
CANONICAL_ENTITY:AVRO,11
CANONICAL_ENTITY:C_47,4
CANONICAL_ENTITY:IL_14,3
CANONICAL_ENTITY:LOCKHEED,3
EVENT_CLUSTER:397,10
EVENT_CLUSTER:398,10
CANONICAL_ENTITY:KARACHI,6
CANONICAL_ENTITY:MARIO_MENDEZ_MONTENEGRO,5
CANONICAL_ENTITY:REVOLUTIONARY_PARTY_PR,5
CANONICAL_ENTITY:YDIGORAS,19
EVENT_CLUSTER:758,10
EVENT_CLUSTER:759,10
EVENT_CLUSTER:760,10
EVENT_CLUSTER:761,10
EVENT_CLUSTER:762,10
EVENT_CLUSTER:771,6
EVENT_CLUSTER:772,6
CANONICAL_ENTITY:DEMONSTRATIONS_IN_BAGHDAD,1
CANONICAL_ENTITY:GENERAL_OUANE,15
CANONICAL_ENTITY:PROTESTS_BY_TAXI_AND_BUS_DRIVERS,1
CANONICAL_ENTITY:REPUBLIC_OF_GUINEA,8
CANONICAL_ENTITY:SEKOU_TOUR,4
EVENT_CLUSTER:480,15
EVENT_CLUSTER:481,15
EVENT_CLUSTER:618,12
EVENT_CLUSTER:619,12
CANONICAL_ENTITY:BAGHDAD_MILITARY_COURT,14
CANONICAL_ENTITY:BALUBA_TRIBESMEN,16
CANONICAL_ENTITY:KAMINA_AIR_BASE,5
CANONICAL_ENTITY:LUMUMBIST_FORCES,9
CANONICAL_ENTITY:RAJESHWAR_DAYAL,16
EVENT_CLUSTER:134,12
EVENT_CLUSTER:135,12
EVENT_CLUSTER:136,12
EVENT_CLUSTER:137,12
CANONICAL_ENTITY:OMSK,6
CANONICAL_ENTITY:PIERRE_MULELE,28
EVENT_CLUSTER:634,23
EVENT_CLUSTER:635,15
EVENT_CLUSTER:636,15
EVENT_CLUSTER:637,15
CANONICAL_ENTITY:JASON_SENDWE,17
CANONICAL_ENTITY:UN_SECURITY_COUNCIL,5
EVENT_CLUSTER:42,18
EVENT_CLUSTER:43,8
CANONICAL_ENTITY:BAN_PHA_PHO,10
CANONICAL_ENTITY:DRV,6
CANONICAL_ENTITY:VIETNAM,5
CANONICAL_ENTITY:VIETNAMESE,8
EVENT_CLUSTER:844,9
EVENT_CLUSTER:845,9
CANONICAL_ENTITY:BAN_TA_VIANG,38
CANONICAL_ENTITY:ETHIOPIAN_TROOPS,6
CANONICAL_ENTITY:KABALO,7
CANONICAL_ENTITY:LAK_SAO,6
CANONICAL_ENTITY:NHOMMARAT,6
CANONICAL_ENTITY:PEOPLES_COMMITTEE_AGAINST_REBELS_AND_COMMUNISTS,6
CANONICAL_ENTITY:SUKARNO,40
EVENT_CLUSTER:102,9
EVENT_CLUSTER:103,9
EVENT_CLUSTER:116,15
EVENT_CLUSTER:117,28
EVENT_CLUSTER:118,26
EVENT_CLUSTER:119,15
EVENT_CLUSTER:736,18
EVENT_CLUSTER:737,18
EVENT_CLUSTER:738,18
EVENT_CLUSTER:739,18
EVENT_CLUSTER:740,18
EVENT_CLUSTER:98,25
CANONICAL_ENTITY:BATTALION_IN_THE_TRUST_TERRITORY,1
CANONICAL_ENTITY:TRIALS_OF_FORMER_REGIME_LEADERS,2
CANONICAL_ENTITY:BELGIAN_AUTHORITIES,1
CANONICAL_ENTITY:DISSATISFIED_POLITICIANS,1
CANONICAL_ENTITY:BELGIAN_DEFENSE_MINISTRY,11
EVENT_CLUSTER:175,7
EVENT_CLUSTER:176,7
CANONICAL_ENTITY:BELGIAN_FORCES,1
CANONICAL_ENTITY:BELGIAN_FOREIGN_MINISTRY,16
CANONICAL_ENTITY:INTERNATIONAL_RED_CROSS,6
CANONICAL_ENTITY:LEAGUE_OF_RED_CROSS_SOCIETIES,7
CANONICAL_ENTITY:SAHBANI,7
EVENT_CLUSTER:702,13
EVENT_CLUSTER:703,13
EVENT_CLUSTER:704,13
EVENT_CLUSTER:705,13
EVENT_CLUSTER:706,13
CANONICAL_ENTITY:BELGIAN_GOVERNMENT,9
CANONICAL_ENTITY:FOREIGN_MINISTER_WIGNY,5
CANONICAL_ENTITY:PRIME_MINISTER_SALAZAR,5
CANONICAL_ENTITY:TAIEB_SABHANI,10
EVENT_CLUSTER:799,7
EVENT_CLUSTER:800,7
CANONICAL_ENTITY:LEOPOLDVILLE_PROVINCE,4
CANONICAL_ENTITY:LULUABOURG,4
EVENT_CLUSTER:252,9
EVENT_CLUSTER:253,9
CANONICAL_ENTITY:BELGIAN_MILITARY_ADVISER,1
CANONICAL_ENTITY:BELGIAN_MILITARY_AND_CIVILIAN_ADVISERS,1
CANONICAL_ENTITY:CROWN_PRINCE_MOULAY_HASSAN,13
CANONICAL_ENTITY:MOROCCAN_GOVERNMENT,16
EVENT_CLUSTER:168,11
EVENT_CLUSTER:169,11
EVENT_CLUSTER:170,11
CANONICAL_ENTITY:BELGRADE,8
CANONICAL_ENTITY:CENTO,3
CANONICAL_ENTITY:CUBAN_NATIONAL_DAY,5
CANONICAL_ENTITY:EQUATEUR_PROVINCE,32
CANONICAL_ENTITY:EVACUATION_OF_ITS_NATIONALS,2
CANONICAL_ENTITY:GENERAL_FEDERATION_OF_BELGIAN_WORKERS,5
CANONICAL_ENTITY:GENERAL_HEDAYAT,4
CANONICAL_ENTITY:GENEVA_AGREEMENTS,7
CANONICAL_ENTITY:LABOR_UNION_LEADERS,5
CANONICAL_ENTITY:LOBITO,4
CANONICAL_ENTITY:MATHIAS,5
CANONICAL_ENTITY:MOBUTU_KASAVUBU_GOVERNMENT,3
CANONICAL_ENTITY:MUNONGO,11
CANONICAL_ENTITY:PHAM_VAN_DONG,11
CANONICAL_ENTITY:PRAGUE,8
CANONICAL_ENTITY:PREMIER_EYSKENS,11
CANONICAL_ENTITY:REPUBLIC_OF_CYPRUS,4
CANONICAL_ENTITY:ROMAN_CATHOLIC_TRADE_UNION_FEDERATION,7
CANONICAL_ENTITY:SOFIA,8
CANONICAL_ENTITY:SOVIET_PARTY_CENTRAL_COMMITTEE,13
CANONICAL_ENTITY:SOVIET_TRANSPORTS,4
CANONICAL_ENTITY:SPAAK,4
CANONICAL_ENTITY:SWEDEN,7
CANONICAL_ENTITY:UNITED_NATIONS,21
CANONICAL_ENTITY:US_EMBASSY,22
CANONICAL_ENTITY:US_MILITARY_PERSONNEL,5
CANONICAL_ENTITY:WALLOON_REGIONS,4
CANONICAL_ENTITY:WALLOON_SOCIALIST_DEPUTIES,7
EVENT_CLUSTER:186,12
EVENT_CLUSTER:187,12
EVENT_CLUSTER:188,12
EVENT_CLUSTER:198,13
EVENT_CLUSTER:199,14
EVENT_CLUSTER:283,13
EVENT_CLUSTER:424,10
EVENT_CLUSTER:425,10
EVENT_CLUSTER:505,10
EVENT_CLUSTER:506,10
EVENT_CLUSTER:507,10
EVENT_CLUSTER:51,11
EVENT_CLUSTER:510,11
EVENT_CLUSTER:511,11
EVENT_CLUSTER:512,11
EVENT_CLUSTER:513,11
EVENT_CLUSTER:514,11
EVENT_CLUSTER:516,11
EVENT_CLUSTER:52,5
EVENT_CLUSTER:53,5
EVENT_CLUSTER:644,10
EVENT_CLUSTER:79,11
EVENT_CLUSTER:807,11
EVENT_CLUSTER:808,11
EVENT_CLUSTER:824,9
EVENT_CLUSTER:825,9
EVENT_CLUSTER:93,28
EVENT_CLUSTER:94,18
EVENT_CLUSTER:95,18
EVENT_CLUSTER:96,18
CANONICAL_ENTITY:K_P_S_MENON,3
CANONICAL_ENTITY:UNITED_NATIONAL_PARTY,3
EVENT_CLUSTER:691,10
CANONICAL_ENTITY:BEN_GURION,26
CANONICAL_ENTITY:DR_ISRAEL_BAER,7
CANONICAL_ENTITY:HAARETZ,6
CANONICAL_ENTITY:MAPAI,7
CANONICAL_ENTITY:MAPAM,6
CANONICAL_ENTITY:TEL_AVIV_BRANCH_OF_HEBREW_UNIVERSITY,6
EVENT_CLUSTER:841,7
EVENT_CLUSTER:842,8
EVENT_CLUSTER:843,7
EVENT_CLUSTER:850,11
EVENT_CLUSTER:851,11
EVENT_CLUSTER:852,11
EVENT_CLUSTER:853,11
CANONICAL_ENTITY:BHUTAN,21
CANONICAL_ENTITY:CHOU_EN_LAI,20
CANONICAL_ENTITY:KASHMIR,2
CANONICAL_ENTITY:SIKKIM,6
EVENT_CLUSTER:466,21
EVENT_CLUSTER:486,10
EVENT_CLUSTER:495,13
CANONICAL_ENTITY:BIG_FOUR,8
CANONICAL_ENTITY:WESTERN_POWERS,9
EVENT_CLUSTER:809,5
EVENT_CLUSTER:810,5
CANONICAL_ENTITY:BISHOP_DIBELIUS,17
CANONICAL_ENTITY:EAST_BERLIN,7
CANONICAL_ENTITY:EVANGELICAL_CHURCH,8
CANONICAL_ENTITY:KASAVUBU_MOBUTU_GOVERNMENT,17
EVENT_CLUSTER:422,23
EVENT_CLUSTER:472,12
EVENT_CLUSTER:473,12
EVENT_CLUSTER:474,19
EVENT_CLUSTER:475,12
EVENT_CLUSTER:476,12
CANONICAL_ENTITY:BOGOTA,9
CANONICAL_ENTITY:GOVERNMENT,11
EVENT_CLUSTER:747,7
EVENT_CLUSTER:748,7
CANONICAL_ENTITY:INTERNATIONAL_CONTROL_COMMISSION,51
CANONICAL_ENTITY:QUINIM_PHOLSENA,17
EVENT_CLUSTER:204,10
EVENT_CLUSTER:205,19
EVENT_CLUSTER:206,10
EVENT_CLUSTER:212,11
EVENT_CLUSTER:213,11
CANONICAL_ENTITY:DAYALS_RETURN_TO_CONGO,1
CANONICAL_ENTITY:KONG_LE,46
CANONICAL_ENTITY:LOWER_CONGO,3
CANONICAL_ENTITY:MCKEOWN,19
CANONICAL_ENTITY:SOVIET_AMBASSADOR,8
EVENT_CLUSTER:104,28
EVENT_CLUSTER:387,21
EVENT_CLUSTER:389,16
EVENT_CLUSTER:390,16
EVENT_CLUSTER:391,12
EVENT_CLUSTER:544,19
CANONICAL_ENTITY:CHIN,4
CANONICAL_ENTITY:KACHIN,3
CANONICAL_ENTITY:KAREN,4
CANONICAL_ENTITY:POLISH_BUILDERS,4
EVENT_CLUSTER:477,9
EVENT_CLUSTER:811,8
CANONICAL_ENTITY:BONN_FOREIGN_MINISTRY,11
CANONICAL_ENTITY:FRANKFURT_PAPER,5
EVENT_CLUSTER:795,8
EVENT_CLUSTER:796,8
CANONICAL_ENTITY:GENEVA_CO_CHAIRMEN,7
CANONICAL_ENTITY:LIBERAL_DEMOCRATIC_PARTY,8
EVENT_CLUSTER:661,11
EVENT_CLUSTER:662,11
EVENT_CLUSTER:663,11
EVENT_CLUSTER:664,11
EVENT_CLUSTER:754,8
EVENT_CLUSTER:755,8
EVENT_CLUSTER:756,8
EVENT_CLUSTER:757,8
CANONICAL_ENTITY:BRITISH_AMBASSADOR,21
CANONICAL_ENTITY:CLAIM_1,4
CANONICAL_ENTITY:DIEM_REGIME,3
CANONICAL_ENTITY:LAOTIAN_NATIONAL_MILITARY_COMMITTEE,6
CANONICAL_ENTITY:MUONG_SOUI,7
CANONICAL_ENTITY:NATIONAL_ASSEMBLY,3
CANONICAL_ENTITY:PHENG_PONGSAVAN,6
CANONICAL_ENTITY:PHOUMI_VONGVICHIT,11
CANONICAL_ENTITY:PLAINE_DES_JARRES,42
CANONICAL_ENTITY:SAVANNAKHET,4
CANONICAL_ENTITY:SENO_BASE,4
EVENT_CLUSTER:111,28
EVENT_CLUSTER:140,31
EVENT_CLUSTER:174,6
EVENT_CLUSTER:271,14
EVENT_CLUSTER:273,14
EVENT_CLUSTER:370,13
EVENT_CLUSTER:371,13
EVENT_CLUSTER:406,10
EVENT_CLUSTER:407,10
EVENT_CLUSTER:408,10
EVENT_CLUSTER:454,13
EVENT_CLUSTER:615,23
EVENT_CLUSTER:786,9
EVENT_CLUSTER:787,9
EVENT_CLUSTER:835,16
EVENT_CLUSTER:836,15
EVENT_CLUSTER:837,15
CANONICAL_ENTITY:CHINESE_COMMUNIST_TROOPS,6
CANONICAL_ENTITY:CUBAN_EMBASSY,5
CANONICAL_ENTITY:FRENCH_EMBASSY,12
CANONICAL_ENTITY:IRREGULAR_FORCES,1
CANONICAL_ENTITY:KHAM_KONG,7
CANONICAL_ENTITY:LAOTIAN_MILITARY_ESTABLISHMENT,6
CANONICAL_ENTITY:NEW_CHINA_NEWS_AGENCY,5
CANONICAL_ENTITY:NLHS,1
CANONICAL_ENTITY:PAK_SANE,17
CANONICAL_ENTITY:PHILIPPINE_FOREIGN_AFFAIRS_SECRETARY_SERRANO,4
CANONICAL_ENTITY:SOP_SAISANA,5
CANONICAL_ENTITY:SOUVANNA_PHOUMA_GOVERNMENT,8
CANONICAL_ENTITY:SOVIET_IL_14S,11
CANONICAL_ENTITY:SOVIET_MI_4_HELICOPTERS,5
CANONICAL_ENTITY:TEHRAN,13
CANONICAL_ENTITY:US_EMBASSY_IN_MOSCOW,7
EVENT_CLUSTER:1,19
EVENT_CLUSTER:120,11
EVENT_CLUSTER:121,11
EVENT_CLUSTER:182,8
EVENT_CLUSTER:3,12
EVENT_CLUSTER:343,13
EVENT_CLUSTER:344,13
EVENT_CLUSTER:345,13
EVENT_CLUSTER:35,13
EVENT_CLUSTER:36,13
EVENT_CLUSTER:37,13
EVENT_CLUSTER:38,13
EVENT_CLUSTER:430,9
EVENT_CLUSTER:434,9
EVENT_CLUSTER:435,9
EVENT_CLUSTER:48,13
EVENT_CLUSTER:49,13
EVENT_CLUSTER:50,13
EVENT_CLUSTER:587,8
EVENT_CLUSTER:588,8
EVENT_CLUSTER:589,8
EVENT_CLUSTER:72,11
EVENT_CLUSTER:80,8
EVENT_CLUSTER:81,8
CANONICAL_ENTITY:BOUN_OUM_REGIME,14
EVENT_CLUSTER:266,14
EVENT_CLUSTER:267,14
EVENT_CLUSTER:268,14
CANONICAL_ENTITY:EIB,4
CANONICAL_ENTITY:IBRD,3
CANONICAL_ENTITY:KARAMANLIS_GOVERNMENT,8
CANONICAL_ENTITY:MOKADDEM,4
EVENT_CLUSTER:260,9
EVENT_CLUSTER:316,7
EVENT_CLUSTER:418,6
CANONICAL_ENTITY:CANARY_ISLANDS,5
CANONICAL_ENTITY:CAPE_VERDE_ISLANDS,5
CANONICAL_ENTITY:CONFEDERATION_OF_COLOMBIAN_WORKERS,7
CANONICAL_ENTITY:FERNANDO_POO_ISLAND,4
CANONICAL_ENTITY:GOMULKA,11
CANONICAL_ENTITY:HUMBERTO_DELGADO,5
CANONICAL_ENTITY:INDONESIAN_DRAFT_RESOLUTION,1
CANONICAL_ENTITY:KRUG,4
CANONICAL_ENTITY:LATIN_AMERICAN_NATIONS,5
CANONICAL_ENTITY:LUALABA,5
CANONICAL_ENTITY:NATIONAL_FRONT_COALITION_GOVERNMENT,5
CANONICAL_ENTITY:NORTHERN_RHODESIA,14
CANONICAL_ENTITY:PREMIER_SARIT,11
CANONICAL_ENTITY:PRESIDENT_ALBERTO_LLERAS,6
CANONICAL_ENTITY:PRESIDENT_ELECT,1
CANONICAL_ENTITY:RED_SEA,4
CANONICAL_ENTITY:SOUTHERN_RHODESIA,16
CANONICAL_ENTITY:TYURA_TAM,16
CANONICAL_ENTITY:VICE_PRESIDENT_GOULART,6
EVENT_CLUSTER:164,23
EVENT_CLUSTER:178,10
EVENT_CLUSTER:262,9
EVENT_CLUSTER:269,13
EVENT_CLUSTER:270,13
EVENT_CLUSTER:381,10
EVENT_CLUSTER:382,10
EVENT_CLUSTER:383,10
EVENT_CLUSTER:384,10
EVENT_CLUSTER:697,12
EVENT_CLUSTER:698,12
EVENT_CLUSTER:699,12
EVENT_CLUSTER:700,12
CANONICAL_ENTITY:BURMA_TRADE_UNION_CONGRESS,6
CANONICAL_ENTITY:PRIME_MINISTER_VERWOERD,6
EVENT_CLUSTER:531,7
EVENT_CLUSTER:532,7
EVENT_CLUSTER:533,7
CANONICAL_ENTITY:CANADIAN_DELEGATION,6
CANONICAL_ENTITY:GERMANY,6
CANONICAL_ENTITY:INDIAN_CHAIRMAN_OF_THE_ICC,11
CANONICAL_ENTITY:MUHAMMED_BEN_UTHMAN,5
CANONICAL_ENTITY:POLISH_DELEGATION,6
CANONICAL_ENTITY:TAIWAN,23
EVENT_CLUSTER:195,7
EVENT_CLUSTER:274,11
EVENT_CLUSTER:275,11
EVENT_CLUSTER:276,11
EVENT_CLUSTER:277,11
CANONICAL_ENTITY:BRITISH,37
CANONICAL_ENTITY:ICC,2
CANONICAL_ENTITY:PRAVDA,20
EVENT_CLUSTER:219,26
EVENT_CLUSTER:242,10
EVENT_CLUSTER:436,26
EVENT_CLUSTER:437,12
EVENT_CLUSTER:628,7
EVENT_CLUSTER:629,7
EVENT_CLUSTER:630,7
CANONICAL_ENTITY:ELISABETHVILLE_AIRPORT,5
CANONICAL_ENTITY:LEOPOLDVILLE_REGIME,10
CANONICAL_ENTITY:NIGERIAN_POLICE,5
EVENT_CLUSTER:683,14
EVENT_CLUSTER:684,14
CANONICAL_ENTITY:CENTRAL_BANK,16
CANONICAL_ENTITY:GOVERNOR_RENISON,1
CANONICAL_ENTITY:KENYA_AFRICAN_DEMOCRATIC_UNION,9
CANONICAL_ENTITY:KENYA_AFRICAN_NATIONAL_UNION,9
CANONICAL_ENTITY:MBOYA,5
CANONICAL_ENTITY:MIRANDA_LUPONE,5
CANONICAL_ENTITY:RONALD_NGALA,4
EVENT_CLUSTER:744,10
EVENT_CLUSTER:745,10
EVENT_CLUSTER:746,10
CANONICAL_ENTITY:UNITED_STATES_INITIATIVE_IN_THE_CONGO,1
CANONICAL_ENTITY:BRITISH_PROPOSALS,1
CANONICAL_ENTITY:SOVIET_BROADCAST,1
CANONICAL_ENTITY:KIM_IL_SUNG,7
CANONICAL_ENTITY:SEOUL,20
CANONICAL_ENTITY:SOCIALIST_INSTIGATED_STRIKES,6
CANONICAL_ENTITY:UNION_MINIERE,6
EVENT_CLUSTER:743,7
EVENT_CLUSTER:89,8
EVENT_CLUSTER:90,8
EVENT_CLUSTER:91,8
CANONICAL_ENTITY:BULGARIA,8
EVENT_CLUSTER:423,6
CANONICAL_ENTITY:CANADA,8
CANONICAL_ENTITY:CYRILLE_ADOULA,5
CANONICAL_ENTITY:G_P_MALALASEKERA,8
CANONICAL_ENTITY:SIR_CLAUDE_COREA,7
CANONICAL_ENTITY:SOBOLEV,7
CANONICAL_ENTITY:TSAMKONG,10
CANONICAL_ENTITY:UAR_SYRIA,6
CANONICAL_ENTITY:VLADIVOSTOK,6
EVENT_CLUSTER:216,11
EVENT_CLUSTER:217,11
EVENT_CLUSTER:218,11
EVENT_CLUSTER:399,10
EVENT_CLUSTER:400,10
EVENT_CLUSTER:401,10
EVENT_CLUSTER:402,24
EVENT_CLUSTER:445,15
EVENT_CLUSTER:524,7
EVENT_CLUSTER:525,7
EVENT_CLUSTER:526,7
EVENT_CLUSTER:527,7
EVENT_CLUSTER:54,16
EVENT_CLUSTER:56,5
EVENT_CLUSTER:57,5
EVENT_CLUSTER:717,14
EVENT_CLUSTER:718,14
EVENT_CLUSTER:719,14
EVENT_CLUSTER:82,17
EVENT_CLUSTER:83,10
EVENT_CLUSTER:84,10
CANONICAL_ENTITY:CHINESE_COMMUNIST_ELEMENTS,1
CANONICAL_ENTITY:CHINESE_COMMUNIST_FORCES,9
CANONICAL_ENTITY:EUROPEAN_COMMON_MARKET,7
CANONICAL_ENTITY:GENERAL_DAWEE,5
CANONICAL_ENTITY:NETHERLANDS,4
CANONICAL_ENTITY:PHOUMI_TROOPS,6
CANONICAL_ENTITY:YUNNAN_GENERAL_TUAN,4
EVENT_CLUSTER:230,8
EVENT_CLUSTER:656,8
CANONICAL_ENTITY:NATIONALIST_IRREGULARS,6
CANONICAL_ENTITY:TAICHUNG,6
CANONICAL_ENTITY:TAIPEI,17
EVENT_CLUSTER:236,10
EVENT_CLUSTER:237,10
EVENT_CLUSTER:577,6
EVENT_CLUSTER:578,6
CANONICAL_ENTITY:UPRISINGS_IN_CABINDA,1
CANONICAL_ENTITY:GIZENGAS_MISSION,1
CANONICAL_ENTITY:LAO_GOVERNMENT,6
EVENT_CLUSTER:451,12
EVENT_CLUSTER:452,12
EVENT_CLUSTER:453,15
EVENT_CLUSTER:566,16
EVENT_CLUSTER:567,16
EVENT_CLUSTER:568,16
EVENT_CLUSTER:569,16
CANONICAL_ENTITY:SOUTHERN_CAMEROONS,1
CANONICAL_ENTITY:CANADIAN_COMMUNICATIONS_PERSONNEL,13
CANONICAL_ENTITY:SEVENTH_FLEET,5
EVENT_CLUSTER:750,11
EVENT_CLUSTER:751,11
EVENT_CLUSTER:752,11
EVENT_CLUSTER:753,11
CANONICAL_ENTITY:CANTON,21
EVENT_CLUSTER:250,10
EVENT_CLUSTER:251,22
EVENT_CLUSTER:278,15
CANONICAL_ENTITY:CUBAN_AIRFIELDS,1
CANONICAL_ENTITY:CUBAN_REVOLUTIONARY_COUNCIL,9
CANONICAL_ENTITY:KAMCHATKA_PENINSULA,14
CANONICAL_ENTITY:PETROPAVLOVSK,6
CANONICAL_ENTITY:TADZHIKISTAN,5
EVENT_CLUSTER:863,8
EVENT_CLUSTER:864,8
EVENT_CLUSTER:865,8
CANONICAL_ENTITY:CEASE_FIRE_PROPOSAL,1
CANONICAL_ENTITY:CIUDAD_TRUJILLO,8
CANONICAL_ENTITY:ROMAN_CATHOLIC_CHURCH,25
CANONICAL_ENTITY:US_ADMINISTRATION,6
EVENT_CLUSTER:350,7
EVENT_CLUSTER:351,7
EVENT_CLUSTER:352,7
EVENT_CLUSTER:385,7
EVENT_CLUSTER:386,7
CANONICAL_ENTITY:CENTRAL_STATISTICAL_BOARD,10
CANONICAL_ENTITY:GEORGIA,5
CANONICAL_ENTITY:KAZAKHSTAN,4
CANONICAL_ENTITY:NEW_LANDS_REGIONS_OF_SIBERIA,3
CANONICAL_ENTITY:NORTH_CAUCASUS,3
CANONICAL_ENTITY:UKRAINE,7
EVENT_CLUSTER:214,17
EVENT_CLUSTER:225,9
CANONICAL_ENTITY:SPUTNIK_IX,4
EVENT_CLUSTER:540,10
CANONICAL_ENTITY:KO_CHONG_HUN,7
CANONICAL_ENTITY:RHEE_REGIME,1
EVENT_CLUSTER:875,5
EVENT_CLUSTER:876,5
CANONICAL_ENTITY:GENERAL_CLARK,9
CANONICAL_ENTITY:GENERAL_MACARTHUR,7
EVENT_CLUSTER:456,6
EVENT_CLUSTER:457,6
EVENT_CLUSTER:458,6
EVENT_CLUSTER:866,5
EVENT_CLUSTER:867,5
EVENT_CLUSTER:869,5
CANONICAL_ENTITY:TSHOMBE_REGIME,6
CANONICAL_ENTITY:UAR_NATIONAL_ASSEMBLY,12
CANONICAL_ENTITY:WEST_GERMAN_FOREIGN_MINISTRY,6
EVENT_CLUSTER:75,11
EVENT_CLUSTER:77,11
EVENT_CLUSTER:78,11
EVENT_CLUSTER:829,8
EVENT_CLUSTER:830,8
EVENT_CLUSTER:831,8
CANONICAL_ENTITY:CHARLES_DE_GAULLE,10
CANONICAL_ENTITY:FRONT_FOR_FRENCH_ALGERIA,5
CANONICAL_ENTITY:US_EMBASSY_IN_TUNIS,3
EVENT_CLUSTER:139,26
EVENT_CLUSTER:153,7
CANONICAL_ENTITY:CHIANG_KAI_SHEK,63
CANONICAL_ENTITY:HANKOW,4
CANONICAL_ENTITY:NURI_SAID_REGIME,4
CANONICAL_ENTITY:QASIM_REGIME,5
CANONICAL_ENTITY:SUBANDRIO,9
CANONICAL_ENTITY:UNITED_NATIONS_FORCES,13
EVENT_CLUSTER:284,8
EVENT_CLUSTER:654,8
EVENT_CLUSTER:658,9
EVENT_CLUSTER:659,9
EVENT_CLUSTER:660,8
EVENT_CLUSTER:665,6
EVENT_CLUSTER:666,6
EVENT_CLUSTER:676,8
EVENT_CLUSTER:701,10
EVENT_CLUSTER:720,10
EVENT_CLUSTER:721,10
CANONICAL_ENTITY:CHE_GUEVARA,13
EVENT_CLUSTER:144,10
CANONICAL_ENTITY:SOVIET_COMMUNIST_PARTY,6
EVENT_CLUSTER:73,6
EVENT_CLUSTER:74,6
CANONICAL_ENTITY:CHINESE_NATIONALISTS,6
CANONICAL_ENTITY:CHINESE_NATIONALIST_OFFICIALS,8
CANONICAL_ENTITY:KHARKOV,3
CANONICAL_ENTITY:KIEV,3
CANONICAL_ENTITY:KING_OF_LAOS,6
CANONICAL_ENTITY:LENINGRAD,3
CANONICAL_ENTITY:LIBERIA,11
CANONICAL_ENTITY:MAINLAND_CHINA,1
CANONICAL_ENTITY:NIGERIAN_PLAN,4
CANONICAL_ENTITY:SHARIF_EMAMI,15
CANONICAL_ENTITY:WALTER_LIPPMANN,8
EVENT_CLUSTER:332,15
EVENT_CLUSTER:333,15
EVENT_CLUSTER:570,13
EVENT_CLUSTER:571,22
EVENT_CLUSTER:572,13
EVENT_CLUSTER:733,8
EVENT_CLUSTER:734,8
EVENT_CLUSTER:735,8
EVENT_CLUSTER:801,15
EVENT_CLUSTER:802,7
EVENT_CLUSTER:803,7
EVENT_CLUSTER:812,10
EVENT_CLUSTER:813,10
CANONICAL_ENTITY:HAVANA,8
CANONICAL_ENTITY:HUNGARY,5
CANONICAL_ENTITY:LEFTIST_POLITICAL_LEADERS,1
CANONICAL_ENTITY:MIKHAIL_SUSLOV,5
CANONICAL_ENTITY:NIKOLAY_PODGORNY,5
CANONICAL_ENTITY:PRESIDENT_JORGE_ALESSANDRI,8
CANONICAL_ENTITY:SALVADORAN_JUNTA,10
CANONICAL_ENTITY:US_OWNED_MINING_COMPANIES,1
EVENT_CLUSTER:141,12
EVENT_CLUSTER:154,8
CANONICAL_ENTITY:CHINA_QUESTION,1
CANONICAL_ENTITY:PEIPING_PEOPLES_DAILY,4
EVENT_CLUSTER:651,10
EVENT_CLUSTER:652,10
EVENT_CLUSTER:653,10
CANONICAL_ENTITY:CHINESE_COMMUNIST_PARTY,8
CANONICAL_ENTITY:DAIREN,9
EVENT_CLUSTER:179,7
EVENT_CLUSTER:180,6
CANONICAL_ENTITY:CHINESE_NATIONALIST_AIR_FORCE,11
CANONICAL_ENTITY:PHOUMI_NOSAVAN,5
EVENT_CLUSTER:340,9
EVENT_CLUSTER:341,9
EVENT_CLUSTER:342,9
CANONICAL_ENTITY:CHINESE_NATIONALIST_TROOPS,17
CANONICAL_ENTITY:KENNEDY_ADMINISTRATION,8
EVENT_CLUSTER:631,13
EVENT_CLUSTER:632,13
EVENT_CLUSTER:633,13
CANONICAL_ENTITY:CHRISTIAN_DEMOCRATIC_GOVERNMENT,1
CANONICAL_ENTITY:ITALIAN_GOVERNMENT,4
CANONICAL_ENTITY:MONARCHISTS,4
CANONICAL_ENTITY:NENNI_SOCIALISTS,3
CANONICAL_ENTITY:POLISH_LEADER,3
CANONICAL_ENTITY:REPUBLICAN_PARTY,3
CANONICAL_ENTITY:SOCIAL_DEMOCRATIC_PARTY,3
EVENT_CLUSTER:279,9
CANONICAL_ENTITY:CHRISTIAN_DEMOCRATS,1
CANONICAL_ENTITY:SOCIALISTS,1
CANONICAL_ENTITY:CITIZENS_COUNCIL_ON_UNIFICATION,1
CANONICAL_ENTITY:CIVIL_MILITARY_DIRECTORATE,1
CANONICAL_ENTITY:CLAIM_0,3
CANONICAL_ENTITY:DOMINICAN_DICTATOR_TRUJILLO,6
CANONICAL_ENTITY:DOMINION_PARTY,4
CANONICAL_ENTITY:CLAIM_2,3
CANONICAL_ENTITY:JOSHUA_NKOMO,4
CANONICAL_ENTITY:REVOLUCION,8
CANONICAL_ENTITY:CLAIM_4,1
CANONICAL_ENTITY:COLOMBIAN_COMMUNIST_PARTY,8
CANONICAL_ENTITY:CONSERVATIVE_PARTY,6
CANONICAL_ENTITY:LIFE_ABROAD,4
EVENT_CLUSTER:367,9
EVENT_CLUSTER:368,9
CANONICAL_ENTITY:COUP,2
CANONICAL_ENTITY:LUMUMBA_REGIME,10
EVENT_CLUSTER:222,9
EVENT_CLUSTER:223,9
EVENT_CLUSTER:224,9
CANONICAL_ENTITY:COLONEL_KHAMOUANE,14
CANONICAL_ENTITY:MAKKI_ABBAS,5
EVENT_CLUSTER:606,16
EVENT_CLUSTER:607,16
EVENT_CLUSTER:608,16
EVENT_CLUSTER:609,16
CANONICAL_ENTITY:COUP_SUPPORTERS,1
CANONICAL_ENTITY:COMMONWEALTH_RELATIONS_OFFICE,4
CANONICAL_ENTITY:MINISTRY_OF_DEFENSE,4
CANONICAL_ENTITY:NYASALAND,3
CANONICAL_ENTITY:SANDYS,4
CANONICAL_ENTITY:THE_FEDERATION,4
EVENT_CLUSTER:478,12
EVENT_CLUSTER:479,13
CANONICAL_ENTITY:SALVADORAN_ARMED_FORCES,1
CANONICAL_ENTITY:YAVUZ,4
EVENT_CLUSTER:645,7
EVENT_CLUSTER:646,7
EVENT_CLUSTER:647,7
CANONICAL_ENTITY:COUP_IN_EL_SALVADOR,1
CANONICAL_ENTITY:SALVADORAN_ARMY,4
CANONICAL_ENTITY:COMMUNIST_AIRLIFT,1
CANONICAL_ENTITY:CZECH_OFFICIAL,4
CANONICAL_ENTITY:FRENCH_AIR_FORCE,6
CANONICAL_ENTITY:GUANTANAMO,3
CANONICAL_ENTITY:HARBIN,3
CANONICAL_ENTITY:HAYATO_IKEDA,7
CANONICAL_ENTITY:KATANGA_REGIME,6
CANONICAL_ENTITY:KAZAKH_REPUBLIC,5
CANONICAL_ENTITY:KUNMING,5
CANONICAL_ENTITY:LIU_SHAO_CHI,5
CANONICAL_ENTITY:LU_TING_YI,6
CANONICAL_ENTITY:MEXICAN_AMBASSADOR,4
CANONICAL_ENTITY:NIGERIAN_CHAIRMAN_OF_THE_UN_CONCILIATION_COMMISSION,5
CANONICAL_ENTITY:PASO,4
CANONICAL_ENTITY:PRO_COMMUNIST_LAOTIAN_FORCES,1
CANONICAL_ENTITY:PUSHKIN,8
CANONICAL_ENTITY:ROBERTS,4
CANONICAL_ENTITY:SEVEN_YEAR_PLAN,5
CANONICAL_ENTITY:SOUTH_CHINA_FLEET,5
CANONICAL_ENTITY:SOVIETS,4
CANONICAL_ENTITY:SO_1_SUBCHASER,6
CANONICAL_ENTITY:SPUTNIK_VII,12
CANONICAL_ENTITY:TIAO_SISOUMANG,8
CANONICAL_ENTITY:WORLD_HEALTH_ORGANIZATION,3
CANONICAL_ENTITY:YOULOU,9
EVENT_CLUSTER:110,10
EVENT_CLUSTER:112,10
EVENT_CLUSTER:128,8
EVENT_CLUSTER:149,24
EVENT_CLUSTER:226,7
EVENT_CLUSTER:286,6
EVENT_CLUSTER:294,11
EVENT_CLUSTER:295,11
EVENT_CLUSTER:296,11
EVENT_CLUSTER:299,16
EVENT_CLUSTER:300,15
EVENT_CLUSTER:301,15
EVENT_CLUSTER:302,10
EVENT_CLUSTER:303,10
EVENT_CLUSTER:446,10
EVENT_CLUSTER:447,10
EVENT_CLUSTER:448,10
EVENT_CLUSTER:449,10
EVENT_CLUSTER:521,6
EVENT_CLUSTER:522,9
EVENT_CLUSTER:523,6
EVENT_CLUSTER:530,7
EVENT_CLUSTER:64,12
EVENT_CLUSTER:685,8
EVENT_CLUSTER:686,8
EVENT_CLUSTER:692,9
EVENT_CLUSTER:693,17
EVENT_CLUSTER:729,8
EVENT_CLUSTER:814,7
EVENT_CLUSTER:815,7
EVENT_CLUSTER:816,7
CANONICAL_ENTITY:COMMUNIST_FORCES,1
CANONICAL_ENTITY:COMMUNIST_LEADERS,1
CANONICAL_ENTITY:COMMUNIST_PARTIES,5
EVENT_CLUSTER:181,4
CANONICAL_ENTITY:WORLD_FEDERATION_OF_TRADE_UNIONS,6
EVENT_CLUSTER:459,8
EVENT_CLUSTER:460,8
EVENT_CLUSTER:461,9
EVENT_CLUSTER:462,9
CANONICAL_ENTITY:COMMUNIST_PENETRATION_OF_AMERICA,1
CANONICAL_ENTITY:FRENCH_REPRESENTATION_IN_LAOS,5
CANONICAL_ENTITY:MCCLOY,6
CANONICAL_ENTITY:MOBUTU_REGIME,11
CANONICAL_ENTITY:POLISH_UN_DELEGATION,5
CANONICAL_ENTITY:RADIO_CONAKRY,4
CANONICAL_ENTITY:VIET_CONG,6
EVENT_CLUSTER:184,8
EVENT_CLUSTER:450,7
EVENT_CLUSTER:575,8
EVENT_CLUSTER:576,8
EVENT_CLUSTER:58,8
EVENT_CLUSTER:59,8
EVENT_CLUSTER:597,11
EVENT_CLUSTER:598,11
EVENT_CLUSTER:599,11
EVENT_CLUSTER:60,8
EVENT_CLUSTER:61,8
EVENT_CLUSTER:617,10
EVENT_CLUSTER:62,8
EVENT_CLUSTER:63,8
EVENT_CLUSTER:694,11
EVENT_CLUSTER:695,16
EVENT_CLUSTER:696,12
EVENT_CLUSTER:788,10
EVENT_CLUSTER:789,10
EVENT_CLUSTER:790,10
EVENT_CLUSTER:791,10
EVENT_CLUSTER:792,10
EVENT_CLUSTER:793,10
CANONICAL_ENTITY:CONGOLESE_EFFORTS,1
CANONICAL_ENTITY:CONGOLESE_FORCES,1
CANONICAL_ENTITY:CONGOLESE_OFFICIALS,1
CANONICAL_ENTITY:CONGOLESE_TROOPS,1
CANONICAL_ENTITY:CONGO_ROUND_TABLE_CONFERENCE,1
CANONICAL_ENTITY:NEPALI_COMMUNIST_PARTY,5
CANONICAL_ENTITY:PATNA,8
CANONICAL_ENTITY:SUBARNA_SHUMSHERE,4
EVENT_CLUSTER:412,7
EVENT_CLUSTER:413,7
CANONICAL_ENTITY:COUP_ATTEMPT,1
CANONICAL_ENTITY:CUBAN_COMMUNISTS,5
CANONICAL_ENTITY:GENERAL_STRIKE_PROTEST,1
CANONICAL_ENTITY:GENEVA,17
CANONICAL_ENTITY:INSURGENT_ACTIVITY,1
CANONICAL_ENTITY:INSURGENT_ACTIVITY_IN_CUBA,1
CANONICAL_ENTITY:KEITA,5
CANONICAL_ENTITY:ORIENTE_PROVINCE,5
CANONICAL_ENTITY:SARATOV,4
CANONICAL_ENTITY:SOVIET_ARMS_CARGO,1
CANONICAL_ENTITY:SPUTNIK_XI,5
CANONICAL_ENTITY:STALINGRAD,4
CANONICAL_ENTITY:WINIEWICZ,5
EVENT_CLUSTER:455,9
EVENT_CLUSTER:708,6
EVENT_CLUSTER:715,7
EVENT_CLUSTER:716,7
EVENT_CLUSTER:775,9
EVENT_CLUSTER:776,9
EVENT_CLUSTER:777,9
CANONICAL_ENTITY:FOREIGN_COMMUNIST_PARTIES,1
CANONICAL_ENTITY:CUBAN_GOVERNMENT,8
CANONICAL_ENTITY:LAS_VILLAS_PROVINCE,7
EVENT_CLUSTER:709,6
EVENT_CLUSTER:710,6
EVENT_CLUSTER:711,5
CANONICAL_ENTITY:CYPRUS_GOVERNMENT,10
CANONICAL_ENTITY:FAZIL_KUCHUK,8
CANONICAL_ENTITY:IKEDA_GOVERNMENT,6
CANONICAL_ENTITY:KISHI_GOVERNMENT,6
CANONICAL_ENTITY:MAKARIOS,12
EVENT_CLUSTER:287,7
EVENT_CLUSTER:288,7
EVENT_CLUSTER:289,7
CANONICAL_ENTITY:PONCE_ADMINISTRATION,6
CANONICAL_ENTITY:VELASCO_ADMINISTRATION,6
EVENT_CLUSTER:14,7
EVENT_CLUSTER:15,7
CANONICAL_ENTITY:DAGABUR,11
CANONICAL_ENTITY:GABREDARRE,6
CANONICAL_ENTITY:HONDURAS,6
CANONICAL_ENTITY:OSVALDO_LOPEZ,5
EVENT_CLUSTER:854,8
EVENT_CLUSTER:855,8
EVENT_CLUSTER:856,8
EVENT_CLUSTER:857,8
CANONICAL_ENTITY:DAGABUR_DEMONSTRATION,1
CANONICAL_ENTITY:DAGABUR_VIOLENCE,1
CANONICAL_ENTITY:DEMONSTRATIONS_IN_IRAQ,1
CANONICAL_ENTITY:DUTCH_OFFICIALS,1
CANONICAL_ENTITY:FRANCE_ALGERIA,1
CANONICAL_ENTITY:LEOPOLDVILLE_GROUP,4
CANONICAL_ENTITY:LIBERATION_ARMY_OF_SOUTH_VIETNAM,6
CANONICAL_ENTITY:PHAN_HUY_QUAT,6
EVENT_CLUSTER:707,4
CANONICAL_ENTITY:DISARMAMENT_PLAN,1
CANONICAL_ENTITY:DISSIDENT_GROUPS,1
CANONICAL_ENTITY:LT_COL_BUSIRI,5
CANONICAL_ENTITY:MALAYAN_PRIME_MINISTER_RAHMAN,5
CANONICAL_ENTITY:NETHERLANDS_NEW_GUINEA,5
EVENT_CLUSTER:517,11
EVENT_CLUSTER:518,11
CANONICAL_ENTITY:DOLINSK,10
CANONICAL_ENTITY:DOMINICAN_EXILES,1
CANONICAL_ENTITY:DOMINICAN_MILITARY_INTELLIGENCE_SERVICE_SIM,11
CANONICAL_ENTITY:GENERALISSIMO_RAFAEL_TRUJILLO,7
CANONICAL_ENTITY:RADIO_CARIBE,7
CANONICAL_ENTITY:RAMFIS_TRUJILLO,7
CANONICAL_ENTITY:US_CONSULATE,6
EVENT_CLUSTER:39,8
EVENT_CLUSTER:40,8
EVENT_CLUSTER:41,8
CANONICAL_ENTITY:ITALIAN_LIBERAL_PARTY,4
CANONICAL_ENTITY:PRIME_MINISTER_BALEWA,4
CANONICAL_ENTITY:VENEZUELAN_MILITARY_UPRISING,1
EVENT_CLUSTER:337,5
CANONICAL_ENTITY:MILITARY_CIVILIAN_JUNTA,8
CANONICAL_ENTITY:PRESIDENT_LEMUS,6
CANONICAL_ENTITY:ULBRICHT_REGIME,1
EVENT_CLUSTER:200,8
EVENT_CLUSTER:201,8
EVENT_CLUSTER:203,8
CANONICAL_ENTITY:EAST_GERMAN_REGIME,1
CANONICAL_ENTITY:EEC_COUNCIL_OF_MINISTERS_MEETING,1
CANONICAL_ENTITY:KATMANDU,6
EVENT_CLUSTER:410,9
EVENT_CLUSTER:411,9
CANONICAL_ENTITY:INDIAN_TROOPS,5
EVENT_CLUSTER:712,10
CANONICAL_ENTITY:VIOLENCE,1
CANONICAL_ENTITY:ENEMY_ELEMENTS,1
CANONICAL_ENTITY:EOKA,10
CANONICAL_ENTITY:KUCHUK,9
CANONICAL_ENTITY:PATRIOTIC_FRONT,6
EVENT_CLUSTER:290,8
EVENT_CLUSTER:291,8
CANONICAL_ENTITY:GBENYE,6
CANONICAL_ENTITY:MANZIKALA,5
EVENT_CLUSTER:483,10
EVENT_CLUSTER:484,10
EVENT_CLUSTER:573,10
EVENT_CLUSTER:574,10
CANONICAL_ENTITY:EXILED_NEPALESE_POLITICIANS,1
CANONICAL_ENTITY:FANFANIS_GOVERNMENT,1
CANONICAL_ENTITY:FOREIGN_MINISTERS_MEETING,1
CANONICAL_ENTITY:MUNOZ_GRANDES,5
CANONICAL_ENTITY:FRANCOIS_DUVALIER,13
CANONICAL_ENTITY:HAITI,17
CANONICAL_ENTITY:POPULAR_PARTY_FOR_NATIONAL_LIBERATION,9
CANONICAL_ENTITY:VATICAN,8
EVENT_CLUSTER:105,6
EVENT_CLUSTER:106,6
EVENT_CLUSTER:107,6
EVENT_CLUSTER:108,6
CANONICAL_ENTITY:FRENCH_ARMED_FORCES,1
CANONICAL_ENTITY:PARIS,4
CANONICAL_ENTITY:ROYAL_MOROCCAN_ARMY,3
EVENT_CLUSTER:596,6
EVENT_CLUSTER:603,9
EVENT_CLUSTER:605,9
CANONICAL_ENTITY:FRENCH_OFFICERS,1
CANONICAL_ENTITY:SHAKE_UP_IN_TADZHIKISTAN,1
CANONICAL_ENTITY:GALVAO_AND_DELGADO,1
CANONICAL_ENTITY:PORTUGUESE_EXILES,1
CANONICAL_ENTITY:UN_FORCES,7
EVENT_CLUSTER:861,8
EVENT_CLUSTER:862,8
CANONICAL_ENTITY:INTERIM_BOARD_OF_LABOR_LEADERS,1
CANONICAL_ENTITY:IRANS_ARMED_FORCES,1
CANONICAL_ENTITY:TANANARIVE_CONFERENCE,2
CANONICAL_ENTITY:INDONESIAN_COMMUNIST_PARTY,8
CANONICAL_ENTITY:INDONESIAN_PRESIDENT_SUKARNO,17
CANONICAL_ENTITY:PRESIDENT_DUVALIER,8
CANONICAL_ENTITY:SUDIBJO,7
EVENT_CLUSTER:100,11
EVENT_CLUSTER:97,11
EVENT_CLUSTER:99,11
CANONICAL_ENTITY:NUS_ADMINISTRATION,1
EVENT_CLUSTER:160,12
EVENT_CLUSTER:374,7
EVENT_CLUSTER:375,7
CANONICAL_ENTITY:HO_CHI_MINH,7
CANONICAL_ENTITY:LE_DUAN,6
CANONICAL_ENTITY:SPANISH_SAHARA,8
CANONICAL_ENTITY:TRUONG_CHINH,7
EVENT_CLUSTER:593,10
EVENT_CLUSTER:594,10
EVENT_CLUSTER:595,10
CANONICAL_ENTITY:LAOTIAN_ARMED_FORCES,1
CANONICAL_ENTITY:MEO_TRIBESMEN,4
CANONICAL_ENTITY:MINISTRY_OF_AGRICULTURE,4
CANONICAL_ENTITY:SARAVANE_PROVINCE,4
CANONICAL_ENTITY:US_PROPOSAL,1
EVENT_CLUSTER:165,8
EVENT_CLUSTER:166,8
EVENT_CLUSTER:167,8
EVENT_CLUSTER:558,10
EVENT_CLUSTER:797,9
EVENT_CLUSTER:798,9
CANONICAL_ENTITY:GENERAL_PUBLIC,1
CANONICAL_ENTITY:IRANIAN_NATIONALISTS,1
CANONICAL_ENTITY:WAR_SECRETARY_FRAGA,4
CANONICAL_ENTITY:NUCLEAR_TEST_BAN_CONFERENCE,1
EVENT_CLUSTER:817,7
EVENT_CLUSTER:818,7
EVENT_CLUSTER:819,7
CANONICAL_ENTITY:GERMAN_PROBLEM,1
CANONICAL_ENTITY:LUALABA_STATE,1
CANONICAL_ENTITY:LUNDULA,1
CANONICAL_ENTITY:STANLEYVILLE_AUTHORITIES,1
CANONICAL_ENTITY:GIZENGAS_FORCES,1
CANONICAL_ENTITY:GIZENGAS_GOVERNMENT,1
CANONICAL_ENTITY:LUMUMBAS_SUPPORTERS,1
CANONICAL_ENTITY:SOUVANNA_PHOUMA_CABINET,6
CANONICAL_ENTITY:UAR_TROOPS,6
EVENT_CLUSTER:403,9
EVENT_CLUSTER:404,9
EVENT_CLUSTER:405,9
CANONICAL_ENTITY:UNITED_ARAB_REPUBLIC,5
EVENT_CLUSTER:409,6
CANONICAL_ENTITY:SOVIET_FOREIGN_POLICY,1
CANONICAL_ENTITY:PEASANTS,1
CANONICAL_ENTITY:STUDENTS,1
CANONICAL_ENTITY:GOVERNMENT_FORCES,10
CANONICAL_ENTITY:SARY_SHAGAN_TEST_COMPLEX,7
EVENT_CLUSTER:249,6
CANONICAL_ENTITY:GOVERNMENT_TROOPS,1
CANONICAL_ENTITY:SUPREME_SOVIET,1
EVENT_CLUSTER:338,6
EVENT_CLUSTER:339,6
EVENT_CLUSTER:32,10
EVENT_CLUSTER:33,10
EVENT_CLUSTER:34,10
CANONICAL_ENTITY:LEOPOLDVILLE_AUTHORITIES,1
CANONICAL_ENTITY:TRYGVE_LIE,5
EVENT_CLUSTER:492,6
EVENT_CLUSTER:493,6
CANONICAL_ENTITY:KAPUSTIN_YAR_MISSILE_TEST_RANGE,4
EVENT_CLUSTER:248,9
CANONICAL_ENTITY:ICBM_TEST_LAUNCH,1
CANONICAL_ENTITY:ICC_FOR_VIETNAM,1
CANONICAL_ENTITY:ILEO_CABINET,1
CANONICAL_ENTITY:LEONID_SEDOV,5
CANONICAL_ENTITY:PRIME_MINISTER_IKEDA,5
CANONICAL_ENTITY:SOVIET_EMBASSY_IN_WASHINGTON,4
EVENT_CLUSTER:749,7
CANONICAL_ENTITY:INTERNATIONAL_CONFERENCE_ON_LAOS,1
CANONICAL_ENTITY:PARLIAMENTARY_ELECTIONS_IN_IRAN,1
CANONICAL_ENTITY:MULLAH_MUSTAFA_AL_BARZANI,8
EVENT_CLUSTER:463,5
EVENT_CLUSTER:464,5
CANONICAL_ENTITY:IRAQI_NATIONALIST_SENTIMENT,1
CANONICAL_ENTITY:PORTUGUESE_AMBASSADOR,1
CANONICAL_ENTITY:JORDANIAN_BAATHIST_GROUPS,1
CANONICAL_ENTITY:RIMAWI,7
CANONICAL_ENTITY:TYURA_TAM_MISSILE_TEST_RANGE,3
EVENT_CLUSTER:293,8
CANONICAL_ENTITY:KAMINA_RAIL_LINE,1
CANONICAL_ENTITY:LEOPOLDVILLE_CONFERENCE,2
CANONICAL_ENTITY:PROVISIONAL_GOVERNMENT,1
CANONICAL_ENTITY:UN_RETURN_EXPLORATION,1
CANONICAL_ENTITY:KATANGA_OFFICIALS,1
CANONICAL_ENTITY:KHRUSHCHEVS_SPEECH,1
CANONICAL_ENTITY:NEW_PARTY_PROGRAM,1
CANONICAL_ENTITY:NEW_US_ADMINISTRATION,1
CANONICAL_ENTITY:PRESIDENT,1
CANONICAL_ENTITY:PRESIDENT_KENNEDY,3
CANONICAL_ENTITY:SOVIET_PARTY_MEETING_ON_AGRICULTURE,1
CANONICAL_ENTITY:SOVIET_POLICY,2
CANONICAL_ENTITY:UN_POLICY,1
EVENT_CLUSTER:156,3
CANONICAL_ENTITY:KHRUSHCHEVS_SPEECH_ON_WORLD_COMMUNIST_POLICY,1
CANONICAL_ENTITY:PARTY_CENTRAL_COMMITTEE_MEETING,2
CANONICAL_ENTITY:TURKISH_CYPRIOT_MINORITY,1
CANONICAL_ENTITY:WATCH_COMMITTEE,1
CANONICAL_ENTITY:PATHET_LAO_TROOPS,1
CANONICAL_ENTITY:LAOTIAN_ARMY_INTELLIGENCE_UNITS,1
CANONICAL_ENTITY:OPERATIONAL_HEADQUARTERS,1
CANONICAL_ENTITY:LAOTIAN_COALITION_GOVERNMENT,1
CANONICAL_ENTITY:LAOTIAN_CRISIS,1
CANONICAL_ENTITY:UPA,2
CANONICAL_ENTITY:LIBERATION_MOVEMENTS,1
CANONICAL_ENTITY:SOVIET_PROPOSALS,1
CANONICAL_ENTITY:SANTOS_COSTA,4
CANONICAL_ENTITY:MASSA,5
CANONICAL_ENTITY:TUNISIAN_SOLDIERS,5
CANONICAL_ENTITY:MEETING_OF_TUNISIAN_DIPLOMATS,1
CANONICAL_ENTITY:MENSHIKOV,3
CANONICAL_ENTITY:MILITARY_LEADERS,1
CANONICAL_ENTITY:NEW_UNIFIED_CURRENCY,1
CANONICAL_ENTITY:SYRIAN_ECONOMY,1
CANONICAL_ENTITY:UN_ECONOMIC_AND_SOCIAL_COUNCIL,1
CANONICAL_ENTITY:NATIONAL_VOICE_OF_IRAN,4
CANONICAL_ENTITY:NEW_PLAN,1
CANONICAL_ENTITY:SINO_INDIAN_BORDER_TALKS,1
CANONICAL_ENTITY:NEPALI_CONGRESS_LEADERS,1
CANONICAL_ENTITY:NEW_CONGOLESE_GOVERNMENT,1
CANONICAL_ENTITY:UK,9
CANONICAL_ENTITY:NORTHERN_CAMEROONS,1
CANONICAL_ENTITY:UN_DELEGATION,1
CANONICAL_ENTITY:NIGERIAN_TROOPS,4
CANONICAL_ENTITY:NIGERIAN_UN_UNITS,4
CANONICAL_ENTITY:SAIGON,5
CANONICAL_ENTITY:NORTH_VIETNAMESE_IL_14,5
CANONICAL_ENTITY:ORIENTALE_PROVINCE,4
CANONICAL_ENTITY:OUTER_MONGOLIA,3
CANONICAL_ENTITY:US_EMBASSY_IN_KARACHI,1
CANONICAL_ENTITY:SHARPEVILLE_DEMONSTRATIONS,1
CANONICAL_ENTITY:PEACE_AND_NEUTRALITY_COMMITTEE,1
CANONICAL_ENTITY:PETITION_0,1
CANONICAL_ENTITY:PHOUI,1
CANONICAL_ENTITY:POLISH_REGIME,1
CANONICAL_ENTITY:RELIGIOUS_GROUPS,1
CANONICAL_ENTITY:PORTUGUESE_OVERSEAS_MINISTRY,5
CANONICAL_ENTITY:PRAJA_PARISHAD,3
CANONICAL_ENTITY:SOUTH_VIETNAMESE_MILITARY_OPERATIONS,1
CANONICAL_ENTITY:PRESIDENT_TOURE,4
CANONICAL_ENTITY:SPEECH_BY_QASIM,1
CANONICAL_ENTITY:REFORMS,1
CANONICAL_ENTITY:WEALTHY_SALVADORANS,1
CANONICAL_ENTITY:REPUBLIC_OF_TOGO,4
CANONICAL_ENTITY:RIO_DE_JANEIRO,2
CANONICAL_ENTITY:SUPPORTERS,1
CANONICAL_ENTITY:THEOTONIO_PEREIRA,5
CANONICAL_ENTITY:SATELLITE,1
CANONICAL_ENTITY:SOUTH_AFRICANS,1
CANONICAL_ENTITY:SWEDISH_UN_COMMANDER,4
CANONICAL_ENTITY:SOUTH_ATLANTIC,1
CANONICAL_ENTITY:SOVIET_VESSELS,1
CANONICAL_ENTITY:TURKISH_GOVERNMENT,7
CANONICAL_ENTITY:SOVIET_AN_12S,1
CANONICAL_ENTITY:SOVIET_DEPUTY_FOREIGN_MINISTER_ZORIN,1
CANONICAL_ENTITY:SOVIET_SPOKESMAN,1
CANONICAL_ENTITY:SWEDISH_UN_CONTINGENT,4
CANONICAL_ENTITY:SWEDISH_UN_UNIT,4
CANONICAL_ENTITY:TRANSKEI,4
CANONICAL_ENTITY:TRIMBLE,2
CANONICAL_ENTITY:TUN_SEIN,2
CANONICAL_ENTITY:UGANDA,5
CANONICAL_ENTITY:UN_REPRESENTATIVE,1
CANONICAL_ENTITY:VENUS_PROBE,1
CANONICAL_ENTITY:VIKTOR_GRISHIN,4
CANONICAL_ENTITY:VICTOR_LUNDULA,4
CANONICAL_ENTITY:WATCH_COMMITTEE_OF_THE_USIB,2
