node_key,level1_id
CANONICAL_ENTITY:1954_GENEVA_AGREEMENT,0
CANONICAL_ENTITY:1ST_INFANTRY_DIVISION,3
CANONICAL_ENTITY:ABBOUD,5
CANONICAL_ENTITY:ABDULLAH_RIMAWI,3
CANONICAL_ENTITY:ACCRA,9
CANONICAL_ENTITY:ADENAUER,5
CANONICAL_ENTITY:ADENAUERS_PARTY,2
CANONICAL_ENTITY:ADMIRAL_MARTADINATA,0
CANONICAL_ENTITY:ADOULA,1
CANONICAL_ENTITY:ADRIANO_MOREIRA,4
CANONICAL_ENTITY:AFGHANISTAN,7
CANONICAL_ENTITY:AFGHAN_ARMY,3
CANONICAL_ENTITY:AFGHAN_ARMY_UNIFORM_FACTORY,6
CANONICAL_ENTITY:AFRICA,2
CANONICAL_ENTITY:AFRICAN_EXILE_GROUPS,5
CANONICAL_ENTITY:AFRICAN_NATIONAL_CONGRESS,5
CANONICAL_ENTITY:AFRICAN_NATIONAL_CONGRESS_ANC,8
CANONICAL_ENTITY:AFRICAN_REVOLUTIONARY_FRONT_FOR_THE_NATIONAL_INDEPENDENCE_OF_PORTUGUESE_COLONIES,4
CANONICAL_ENTITY:AFRICAN_REVOLUTIONARY_FRONT_FOR_THE_NATIONAL_INDEPENDENCE_OF_PORTUGUESE_COLONIES_FRAIN,4
CANONICAL_ENTITY:AFRO_ASIAN_BLOC,4
CANONICAL_ENTITY:AFRO_ASIAN_STATES,1
CANONICAL_ENTITY:AHIDJO,3
CANONICAL_ENTITY:AIR_FORCE_COMMANDER,9
CANONICAL_ENTITY:AIR_MARSHAL_SURYADARMA,0
CANONICAL_ENTITY:AKIF_FAYIZ,8
CANONICAL_ENTITY:AKO_ADJEI,1
CANONICAL_ENTITY:ALBANIA,2
CANONICAL_ENTITY:ALBANIAN_PARTY_CONGRESS,2
CANONICAL_ENTITY:ALBANIAN_WORKERS_COMMUNIST_PARTY,2
CANONICAL_ENTITY:ALBERT_DELVAUX,1
CANONICAL_ENTITY:ALDO_MORO,6
CANONICAL_ENTITY:ALFONS_GORBACH,3
CANONICAL_ENTITY:ALGERIA,5
CANONICAL_ENTITY:ALGERIAN_NATIONAL_MOVEMENT_MNA,0
CANONICAL_ENTITY:ALGERIAN_REBELS,3
CANONICAL_ENTITY:ALGERIAN_REBEL_GOVERNMENT,4
CANONICAL_ENTITY:ALGIERS,2
CANONICAL_ENTITY:ALICAN,7
CANONICAL_ENTITY:ALIONE_DIAKITE,1
CANONICAL_ENTITY:ALI_ABU_NUWAR,3
CANONICAL_ENTITY:AMBASSADOR_BROWN,0
CANONICAL_ENTITY:AMBASSADOR_DRUMRIGHT,0
CANONICAL_ENTITY:AMBASSADOR_LODGE,0
CANONICAL_ENTITY:AMBASSADOR_REISCHAUER,4
CANONICAL_ENTITY:AMBASSADOR_STEVENSON,1
CANONICAL_ENTITY:AMBASSADOR_THOMPSON,1
CANONICAL_ENTITY:AMBASSADOR_TIMBERLAKE,1
CANONICAL_ENTITY:AMERICAN_AMBASSADOR,9
CANONICAL_ENTITY:AMERICAN_CONSUL,1
CANONICAL_ENTITY:AMERICAN_CONSULATE_GENERAL_IN_HONG_KONG,10
CANONICAL_ENTITY:AMERICAN_CONSUL_GENERAL_IN_SALISBURY,1
CANONICAL_ENTITY:AMERICAN_EMBASSY,10
CANONICAL_ENTITY:AMERICAN_EMBASSY_IN_LEOPOLDVILLE,9
CANONICAL_ENTITY:ANDHRA_PRADESH,2
CANONICAL_ENTITY:ANDRE_RENARD,3
CANONICAL_ENTITY:ANGLO_AMERICAN_CONSORTIUM,2
CANONICAL_ENTITY:ANGLO_ITALIAN_NEGOTIATING_TEAM,1
CANONICAL_ENTITY:ANGOLA,4
CANONICAL_ENTITY:ANGOLAN_PEOPLES_UNION_UPA,4
CANONICAL_ENTITY:ANICET_KASHAMURA,1
CANONICAL_ENTITY:ANSAR_SECT,5
CANONICAL_ENTITY:ANTIGOVERNMENT,0
CANONICAL_ENTITY:ANTI_COMMUNIST_TEACHERS,3
CANONICAL_ENTITY:ANTI_FASCIST_PEOPLES_FREEDOM_LEAGUE,7
CANONICAL_ENTITY:ANTONIO_PINTO_BARBOSA,4
CANONICAL_ENTITY:APRIL_AND_MAY_REVOLUTIONARY_PARTY,5
CANONICAL_ENTITY:ARAB_LEAGUE,3
CANONICAL_ENTITY:ARBENZ,7
CANONICAL_ENTITY:ARDESHIR_ZAHEDI,2
CANONICAL_ENTITY:ARGENTINA,6
CANONICAL_ENTITY:ARINOS,2
CANONICAL_ENTITY:ARMANDO_VELASQUEZ,5
CANONICAL_ENTITY:ARMED_FORCES,8
CANONICAL_ENTITY:ASIA,2
CANONICAL_ENTITY:ASSISTANT_CHIEF_OF_STAFF_FOR_INTELLIGENCE_DEPARTMENT_OF_ARMY,6
CANONICAL_ENTITY:ATAMAN,7
CANONICAL_ENTITY:ATHENS,3
CANONICAL_ENTITY:ATOMIC_ENERGY_COMMISSION,6
CANONICAL_ENTITY:ATTORNEY_GENERAL,6
CANONICAL_ENTITY:AUNG_SHWE,1
CANONICAL_ENTITY:AUSTRIA,3
CANONICAL_ENTITY:AUTHENTIC_MNR,6
CANONICAL_ENTITY:AVERKY_ARISTOV,2
CANONICAL_ENTITY:AVRO,7
CANONICAL_ENTITY:AYUB,7
CANONICAL_ENTITY:AYUB_KHAN,7
CANONICAL_ENTITY:AYUB_REGIME,4
CANONICAL_ENTITY:AZORES_BASES_AGREEMENT,4
CANONICAL_ENTITY:BAATH_PARTY,3
CANONICAL_ENTITY:BADR,8
CANONICAL_ENTITY:BAGHDAD,3
CANONICAL_ENTITY:BAGHDAD_MILITARY_COURT,1
CANONICAL_ENTITY:BAGHDAD_UNIVERSITY,3
CANONICAL_ENTITY:BAJAUR_REGION,6
CANONICAL_ENTITY:BALEWA,1
CANONICAL_ENTITY:BALUBA,1
CANONICAL_ENTITY:BALUBA_FORCES,1
CANONICAL_ENTITY:BALUBA_IRREGULARS,3
CANONICAL_ENTITY:BALUBA_TRIBESMEN,1
CANONICAL_ENTITY:BANI_SAKHIR,8
CANONICAL_ENTITY:BANI_SAKHIR_BEDOUIN_TRIBE,3
CANONICAL_ENTITY:BANK_OF_CHINA,8
CANONICAL_ENTITY:BAN_PHA_PHO,0
CANONICAL_ENTITY:BAN_TA_VIANG,0
CANONICAL_ENTITY:BARROSO,0
CANONICAL_ENTITY:BAYAR,7
CANONICAL_ENTITY:BELGIAN_ARMY,1
CANONICAL_ENTITY:BELGIAN_CONTROLLED_MINING_COMPANY,9
CANONICAL_ENTITY:BELGIAN_DEFENSE_MINISTRY,0
CANONICAL_ENTITY:BELGIAN_FOREIGN_MINISTRY,1
CANONICAL_ENTITY:BELGIAN_GOVERNMENT,4
CANONICAL_ENTITY:BELGIAN_MILITARY,1
CANONICAL_ENTITY:BELGIAN_TRUST_TERRITORY_OF_RUANDA_URUNDI,1
CANONICAL_ENTITY:BELGIUM,1
CANONICAL_ENTITY:BELGRADE,1
CANONICAL_ENTITY:BENEDIKTOV,2
CANONICAL_ENTITY:BEN_GURION,5
CANONICAL_ENTITY:BERLIN,5
CANONICAL_ENTITY:BERTHOLD_BEITZ,3
CANONICAL_ENTITY:BHUTAN,2
CANONICAL_ENTITY:BIG_FOUR,2
CANONICAL_ENTITY:BISHOP_DIBELIUS,9
CANONICAL_ENTITY:BOGOTA,3
CANONICAL_ENTITY:BOLIVIA,3
CANONICAL_ENTITY:BOLIVIAN_GOVERNMENT,9
CANONICAL_ENTITY:BOLZANO_PROVINCE,3
CANONICAL_ENTITY:BOMBOKO,1
CANONICAL_ENTITY:BONN,2
CANONICAL_ENTITY:BONN_FOREIGN_MINISTRY,2
CANONICAL_ENTITY:BOTELHO_MONIZ,4
CANONICAL_ENTITY:BOUN_OUM,0
CANONICAL_ENTITY:BOUN_OUM_GOVERNMENT,0
CANONICAL_ENTITY:BOUN_OUM_REGIME,0
CANONICAL_ENTITY:BOURGUIBA,5
CANONICAL_ENTITY:BOURGUIBAISM,4
CANONICAL_ENTITY:BRAZIL,2
CANONICAL_ENTITY:BRAZZAVILLE,4
CANONICAL_ENTITY:BREZHNEV,2
CANONICAL_ENTITY:BRIGADIER_AUNG_GYI,0
CANONICAL_ENTITY:BRIGADIER_MAUNG_MAUNG,2
CANONICAL_ENTITY:BRITAIN,0
CANONICAL_ENTITY:BRITISH,0
CANONICAL_ENTITY:BRITISH_AMBASSADOR,0
CANONICAL_ENTITY:BRITISH_BONDHOLDERS,3
CANONICAL_ENTITY:BRITISH_CAMEROONS,3
CANONICAL_ENTITY:BRITISH_COLONIAL_SECRETARY_MACLEOD,8
CANONICAL_ENTITY:BRITISH_EMBASSY,9
CANONICAL_ENTITY:BRITISH_FOREIGN_OFFICE,1
CANONICAL_ENTITY:BRITISH_OFFICIALS,0
CANONICAL_ENTITY:BRUSSELS,1
CANONICAL_ENTITY:BUKAVU,1
CANONICAL_ENTITY:BULGARIA,2
CANONICAL_ENTITY:BURMA,2
CANONICAL_ENTITY:BURMA_TRADE_UNION_CONGRESS,0
CANONICAL_ENTITY:BURMESE_ARMY,0
CANONICAL_ENTITY:BURMESE_GOVERNMENT,0
CANONICAL_ENTITY:CABINDA,4
CANONICAL_ENTITY:CAIRO,1
CANONICAL_ENTITY:CAMARA_PINA,4
CANONICAL_ENTITY:CAMBODIA,0
CANONICAL_ENTITY:CAMEROUN,3
CANONICAL_ENTITY:CANADA,2
CANONICAL_ENTITY:CANADIAN_COMMUNICATIONS_PERSONNEL,1
CANONICAL_ENTITY:CANADIAN_DELEGATION,0
CANONICAL_ENTITY:CANARY_ISLANDS,2
CANONICAL_ENTITY:CANTON,0
CANONICAL_ENTITY:CAPE_VERDE,4
CANONICAL_ENTITY:CAPE_VERDE_ISLANDS,4
CANONICAL_ENTITY:CASABLANCA_CONFERENCE,3
CANONICAL_ENTITY:CASTRO_REGIME,2
CANONICAL_ENTITY:CENTO,5
CANONICAL_ENTITY:CENTRAL_BANK,8
CANONICAL_ENTITY:CENTRAL_INTELLIGENCE_BULLETIN,6
CANONICAL_ENTITY:CENTRAL_STATISTICAL_BOARD,2
CANONICAL_ENTITY:CEYLON,2
CANONICAL_ENTITY:CEYLONESE_FINANCE_MINISTER,2
CANONICAL_ENTITY:CHANG_ADMINISTRATION,3
CANONICAL_ENTITY:CHANG_MYON,3
CANONICAL_ENTITY:CHANG_MYON_GOVERNMENT,3
CANONICAL_ENTITY:CHARLES_DE_GAULLE,5
CANONICAL_ENTITY:CHEN_YI,0
CANONICAL_ENTITY:CHE_GUEVARA,1
CANONICAL_ENTITY:CHIANG_CHING_KUO,0
CANONICAL_ENTITY:CHIANG_KAI_SHEK,2
CANONICAL_ENTITY:CHIEF_LUTHULI,5
CANONICAL_ENTITY:CHILE,10
CANONICAL_ENTITY:CHIN,2
CANONICAL_ENTITY:CHINESE_COMMUNISTS,0
CANONICAL_ENTITY:CHINESE_COMMUNIST_FORCES,0
CANONICAL_ENTITY:CHINESE_COMMUNIST_GOVERNMENT,1
CANONICAL_ENTITY:CHINESE_COMMUNIST_NAVY,5
CANONICAL_ENTITY:CHINESE_COMMUNIST_PARTY,2
CANONICAL_ENTITY:CHINESE_COMMUNIST_TROOPS,0
CANONICAL_ENTITY:CHINESE_NATIONALISTS,2
CANONICAL_ENTITY:CHINESE_NATIONALIST_AIR_FORCE,0
CANONICAL_ENTITY:CHINESE_NATIONALIST_IRREGULARS,0
CANONICAL_ENTITY:CHINESE_NATIONALIST_OFFICIALS,2
CANONICAL_ENTITY:CHINESE_NATIONALIST_TROOPS,0
CANONICAL_ENTITY:CHOSEN_SOREN,3
CANONICAL_ENTITY:CHOU,1
CANONICAL_ENTITY:CHOU_EN_LAI,2
CANONICAL_ENTITY:CHRISTIAN_DEMOCRATIC_PARTY,6
CANONICAL_ENTITY:CHRISTIAN_DEMOCRATIC_UNION,2
CANONICAL_ENTITY:CIUDAD_TRUJILLO,8
CANONICAL_ENTITY:CIVIL_MILITARY_JUNTA,1
CANONICAL_ENTITY:COLOMBIA,2
CANONICAL_ENTITY:COLOMBIAN_COMMUNIST_PARTY,2
CANONICAL_ENTITY:COLOMBIAN_FOREIGN_MINISTER_TURBAY,10
CANONICAL_ENTITY:COLOMBIAN_GOVERNMENT,8
CANONICAL_ENTITY:COLOMBO,2
CANONICAL_ENTITY:COLONEL_ANIBAL_PORTILLO,5
CANONICAL_ENTITY:COLONEL_CASTILLO_NAVARETTE,5
CANONICAL_ENTITY:COLONEL_KHAMOUANE,0
CANONICAL_ENTITY:COLONEL_LOPEZ,5
CANONICAL_ENTITY:COLONEL_ROGER_TRINQUIER,1
CANONICAL_ENTITY:COLONEL_YANEZ,5
CANONICAL_ENTITY:COLONIAL_OFFICE,8
CANONICAL_ENTITY:COL_CASTILLO_NAVARRETE,10
CANONICAL_ENTITY:COMMITTEE_OF_NATIONAL_UNION,7
CANONICAL_ENTITY:COMMONWEALTH,5
CANONICAL_ENTITY:COMMONWEALTH_PRIME_MINISTERS_CONFERENCE,5
CANONICAL_ENTITY:COMMONWEALTH_RELATIONS_OFFICE,8
CANONICAL_ENTITY:COMMON_MARKET,3
CANONICAL_ENTITY:COMMUNIST,1
CANONICAL_ENTITY:COMMUNISTS,6
CANONICAL_ENTITY:COMMUNIST_CHINA,2
CANONICAL_ENTITY:COMMUNIST_ELEMENTS,3
CANONICAL_ENTITY:COMMUNIST_PARTIES,2
CANONICAL_ENTITY:COMMUNIST_PARTY,6
CANONICAL_ENTITY:CONFEDERATION_OF_COLOMBIAN_WORKERS,2
CANONICAL_ENTITY:CONFERENCE_OF_THE_PEOPLES_OF_THE_PORTUGUESE_COLONIES,4
CANONICAL_ENTITY:CONGO,1
CANONICAL_ENTITY:CONGOLESE_FACTIONS,1
CANONICAL_ENTITY:CONGOLESE_PARLIAMENT,1
CANONICAL_ENTITY:CONGRESS_PARTY,6
CANONICAL_ENTITY:CONSERVATIVE_NATIONALIST_PARTY,5
CANONICAL_ENTITY:CONSERVATIVE_PARTY,2
CANONICAL_ENTITY:COUVE_DE_MURVILLE,4
CANONICAL_ENTITY:CROWN_PRINCE_BADR,8
CANONICAL_ENTITY:CROWN_PRINCE_FAYSAL,3
CANONICAL_ENTITY:CROWN_PRINCE_MOULAY_HASSAN,1
CANONICAL_ENTITY:CUBA,2
CANONICAL_ENTITY:CUBAN_COMMUNISTS,2
CANONICAL_ENTITY:CUBAN_COMMUNISTS_POPULAR_SOCIALIST_PARTY,2
CANONICAL_ENTITY:CUBAN_EMBASSY,0
CANONICAL_ENTITY:CUBAN_GOVERNMENT,2
CANONICAL_ENTITY:CUBAN_NATIONAL_DAY,2
CANONICAL_ENTITY:CUBAN_REVOLUTIONARY_COUNCIL,2
CANONICAL_ENTITY:CYPRUS,2
CANONICAL_ENTITY:CYPRUS_GOVERNMENT,11
CANONICAL_ENTITY:CYRANKIEWICZ,3
CANONICAL_ENTITY:CYRILLE_ADOULA,1
CANONICAL_ENTITY:CZECH,2
CANONICAL_ENTITY:CZECHOSLOVAKIA,9
CANONICAL_ENTITY:CZECHOSLOVAK_AIRLINES,2
CANONICAL_ENTITY:CZECH_OFFICIAL,2
CANONICAL_ENTITY:C_47,7
CANONICAL_ENTITY:DAGABUR,5
CANONICAL_ENTITY:DAIREN,2
CANONICAL_ENTITY:DAI_VIET_PARTY,9
CANONICAL_ENTITY:DAR_ES_SALAAM,1
CANONICAL_ENTITY:DAUD,7
CANONICAL_ENTITY:DAYAL,1
CANONICAL_ENTITY:DEAN_ACHESON,2
CANONICAL_ENTITY:DEFENSE_LOAN_FUND,2
CANONICAL_ENTITY:DEFENSE_MINISTER_BOTELHO_MONIZ,4
CANONICAL_ENTITY:DEFENSE_MINISTER_CASTILLO,1
CANONICAL_ENTITY:DELVAUX,1
CANONICAL_ENTITY:DEMOCRATIC_PARTY,7
CANONICAL_ENTITY:DEPARTMENT_OF_COMMERCE,6
CANONICAL_ENTITY:DEPARTMENT_OF_DEFENSE,6
CANONICAL_ENTITY:DEPARTMENT_OF_JUSTICE,6
CANONICAL_ENTITY:DEPARTMENT_OF_STATE,6
CANONICAL_ENTITY:DEPUTY_FOREIGN_MINISTER_HAJEK,9
CANONICAL_ENTITY:DEPUTY_FOREIGN_MINISTER_PUSHKIN,4
CANONICAL_ENTITY:DE_GAULLE,5
CANONICAL_ENTITY:DIEM_GOVERNMENT,0
CANONICAL_ENTITY:DIEM_REGIME,0
CANONICAL_ENTITY:DJAKARTA,0
CANONICAL_ENTITY:DMITRY_POLYANSKY,2
CANONICAL_ENTITY:DNEPROGES,0
CANONICAL_ENTITY:DOCTOR_MATTHEWS,5
CANONICAL_ENTITY:DOCTOR_ZUMA,5
CANONICAL_ENTITY:DOLINSK,0
CANONICAL_ENTITY:DOMINICAN_DICTATOR_TRUJILLO,0
CANONICAL_ENTITY:DOMINICAN_MILITARY_INTELLIGENCE_SERVICE_SIM,8
CANONICAL_ENTITY:DOMINICAN_REPUBLIC,8
CANONICAL_ENTITY:DOMINION_PARTY,8
CANONICAL_ENTITY:DRV,0
CANONICAL_ENTITY:DR_FABIO_CASTILLO,5
CANONICAL_ENTITY:DR_ISRAEL_BAER,5
CANONICAL_ENTITY:DR_JOSE_ANTONIO_RODRIGUEZ_PORTH,5
CANONICAL_ENTITY:DUTCH,5
CANONICAL_ENTITY:DUTT,2
CANONICAL_ENTITY:EAST_BERLIN,9
CANONICAL_ENTITY:EAST_GERMANY,2
CANONICAL_ENTITY:ECUADOR,7
CANONICAL_ENTITY:ECUADOREAN_GOVERNMENT,6
CANONICAL_ENTITY:EEC,5
CANONICAL_ENTITY:EFTA,3
CANONICAL_ENTITY:EGYPT,3
CANONICAL_ENTITY:EGYPTIAN_NATIONAL_BANK,1
CANONICAL_ENTITY:EIB,3
CANONICAL_ENTITY:EISAKU_SATO,4
CANONICAL_ENTITY:ELBRICK,4
CANONICAL_ENTITY:ELISABETHVILLE,1
CANONICAL_ENTITY:ELISABETHVILLE_AIRPORT,0
CANONICAL_ENTITY:EL_SALVADOR,5
CANONICAL_ENTITY:EMPEROR,9
CANONICAL_ENTITY:ENVER_HOXHA,2
CANONICAL_ENTITY:EOKA,11
CANONICAL_ENTITY:EQUATEUR_PROVINCE,1
CANONICAL_ENTITY:ETHIOPIA,5
CANONICAL_ENTITY:ETHIOPIAN_TROOPS,0
CANONICAL_ENTITY:EUROPEAN_COMMON_MARKET,3
CANONICAL_ENTITY:EVANGELICAL_CHURCH,9
CANONICAL_ENTITY:EXECUTIVE_OFFICES_OF_THE_WHITE_HOUSE,6
CANONICAL_ENTITY:EYSKENS_GOVERNMENT,3
CANONICAL_ENTITY:EYSKENS_SOCIAL_CHRISTIAN_LIBERAL_GOVERNMENT,3
CANONICAL_ENTITY:FANFANI,6
CANONICAL_ENTITY:FANFANI_CABINET,3
CANONICAL_ENTITY:FAYSAL,3
CANONICAL_ENTITY:FAZIL_KUCHUK,11
CANONICAL_ENTITY:FEDERAL_BUREAU_OF_INVESTIGATION,6
CANONICAL_ENTITY:FEDERATION_OF_RHODESIA_AND_NYASALAND,1
CANONICAL_ENTITY:FELICIANO_AVELAR,5
CANONICAL_ENTITY:FERHAT_ABBAS,5
CANONICAL_ENTITY:FERNANDO_POO_ISLAND,2
CANONICAL_ENTITY:FEYZIOGLU,7
CANONICAL_ENTITY:FIDEL_CASTRO,2
CANONICAL_ENTITY:FINANCE_MINISTER_MIZUTA,4
CANONICAL_ENTITY:FINANCE_MINISTER_SHAHA,6
CANONICAL_ENTITY:FLN,4
CANONICAL_ENTITY:FOREIGN_MINISTER_WIGNY,4
CANONICAL_ENTITY:FRANCE,4
CANONICAL_ENTITY:FRANCISCO_CARLOS_DE_CASTRO_NEVES,2
CANONICAL_ENTITY:FRANCOIS_DUVALIER,0
CANONICAL_ENTITY:FRANKFURT_PAPER,2
CANONICAL_ENTITY:FRENCH_AIR_FORCE,5
CANONICAL_ENTITY:FRENCH_AMBASSADOR_FALAIZE,0
CANONICAL_ENTITY:FRENCH_EMBASSY,4
CANONICAL_ENTITY:FRENCH_FOREIGN_MINISTER_COUVE_DE_MURVILLE,4
CANONICAL_ENTITY:FRENCH_FOREIGN_MINISTRY,0
CANONICAL_ENTITY:FRENCH_GOVERNMENT,0
CANONICAL_ENTITY:FRENCH_MILITARY,3
CANONICAL_ENTITY:FRENCH_REPRESENTATION_IN_LAOS,0
CANONICAL_ENTITY:FRENCH_TROOPS,0
CANONICAL_ENTITY:FROL_KOZLOV,2
CANONICAL_ENTITY:FRONT_FOR_FRENCH_ALGERIA,5
CANONICAL_ENTITY:GABREDARRE,5
CANONICAL_ENTITY:GALVAO,4
CANONICAL_ENTITY:GARY_POWERS,2
CANONICAL_ENTITY:GAVIN,4
CANONICAL_ENTITY:GBENYE,1
CANONICAL_ENTITY:GENERALISSIMO_RAFAEL_TRUJILLO,8
CANONICAL_ENTITY:GENERAL_ALAVI_MOQADAM,2
CANONICAL_ENTITY:GENERAL_ALEXANDER,1
CANONICAL_ENTITY:GENERAL_AMIR_AZIZI,2
CANONICAL_ENTITY:GENERAL_BELEZA_FERRAZ,4
CANONICAL_ENTITY:GENERAL_CLARK,3
CANONICAL_ENTITY:GENERAL_CONFEDERATION_OF_LABOR,6
CANONICAL_ENTITY:GENERAL_DAWEE,3
CANONICAL_ENTITY:GENERAL_DELGADO,4
CANONICAL_ENTITY:GENERAL_FEDERATION_OF_BELGIAN_WORKERS,3
CANONICAL_ENTITY:GENERAL_FEDERATION_OF_BELGIAN_WORKERS_FGTB,3
CANONICAL_ENTITY:GENERAL_FRANCO,4
CANONICAL_ENTITY:GENERAL_HEDAYAT,5
CANONICAL_ENTITY:GENERAL_KHANH,3
CANONICAL_ENTITY:GENERAL_LUNDULA,1
CANONICAL_ENTITY:GENERAL_MACARTHUR,3
CANONICAL_ENTITY:GENERAL_MAURICE_CHALLE,5
CANONICAL_ENTITY:GENERAL_MENGHISTU,9
CANONICAL_ENTITY:GENERAL_NASUTION,0
CANONICAL_ENTITY:GENERAL_NE_WIN,2
CANONICAL_ENTITY:GENERAL_NGUYEN_CHI_THANH,4
CANONICAL_ENTITY:GENERAL_OUANE,0
CANONICAL_ENTITY:GENERAL_PHOUMI,0
CANONICAL_ENTITY:GENERAL_TIMUR_BAKHTIAR,2
CANONICAL_ENTITY:GENERAL_TORANZO_MONTERO,6
CANONICAL_ENTITY:GENERAL_VO_NGUYEN_GIAP,4
CANONICAL_ENTITY:GENEVA,0
CANONICAL_ENTITY:GENEVA_AGREEMENTS,1
CANONICAL_ENTITY:GENEVA_CO_CHAIRMEN,4
CANONICAL_ENTITY:GENNADY_VORONOV,2
CANONICAL_ENTITY:GEORGIA,2
CANONICAL_ENTITY:GERMANY,3
CANONICAL_ENTITY:GERMAN_DEMOCRATIC_UNION,1
CANONICAL_ENTITY:GERMAN_FOREIGN_MINISTRY,7
CANONICAL_ENTITY:GHANA,1
CANONICAL_ENTITY:GHANAIAN_UN_TROOPS,1
CANONICAL_ENTITY:GIOVANNI_MALAGODI,6
CANONICAL_ENTITY:GIZENGA,1
CANONICAL_ENTITY:GIZENGAS_STANLEYVILLE_REGIME,6
CANONICAL_ENTITY:GIZENGA_DISSIDENTS,1
CANONICAL_ENTITY:GIZENGA_REGIME,1
CANONICAL_ENTITY:GOMULKA,4
CANONICAL_ENTITY:GORKHA_PARISHAD,6
CANONICAL_ENTITY:GOVERNMENT,0
CANONICAL_ENTITY:GOVERNMENT_FORCES,0
CANONICAL_ENTITY:GREECE,3
CANONICAL_ENTITY:GROMYKO,2
CANONICAL_ENTITY:GUANTANAMO,2
CANONICAL_ENTITY:GUATEMALA,7
CANONICAL_ENTITY:GUILLAUME,7
CANONICAL_ENTITY:GUINEA,9
CANONICAL_ENTITY:GURSEL,7
CANONICAL_ENTITY:G_P_MALALASEKERA,2
CANONICAL_ENTITY:HAARETZ,5
CANONICAL_ENTITY:HABES_MAJALLI,8
CANONICAL_ENTITY:HAILE_SELASSIE,3
CANONICAL_ENTITY:HAINAN_ISLAND,2
CANONICAL_ENTITY:HAIPHONG,0
CANONICAL_ENTITY:HAITI,0
CANONICAL_ENTITY:HAMMARSKJOLD,1
CANONICAL_ENTITY:HANKOW,0
CANONICAL_ENTITY:HANOI,0
CANONICAL_ENTITY:HARBIN,2
CANONICAL_ENTITY:HAVANA,10
CANONICAL_ENTITY:HAYATO_IKEDA,0
CANONICAL_ENTITY:HENRIQUE_GALVAO,4
CANONICAL_ENTITY:HONDURAS,5
CANONICAL_ENTITY:HOSSEIN_QODS_NAKHAI,2
CANONICAL_ENTITY:HO_CHI_MINH,4
CANONICAL_ENTITY:HUMBERTO_DELGADO,4
CANONICAL_ENTITY:HUNGARY,10
CANONICAL_ENTITY:HUNZA,3
CANONICAL_ENTITY:IBERIAN_LIBERATION_MOVEMENT,2
CANONICAL_ENTITY:IBRD,3
CANONICAL_ENTITY:ICHIRO_KONO,4
CANONICAL_ENTITY:IKEDA,4
CANONICAL_ENTITY:IKEDA_GOVERNMENT,11
CANONICAL_ENTITY:ILEO,1
CANONICAL_ENTITY:ILEO_GOVERNMENT,9
CANONICAL_ENTITY:IL_14,7
CANONICAL_ENTITY:IMAM,8
CANONICAL_ENTITY:IMAM_OF_YEMEN,8
CANONICAL_ENTITY:INDIA,1
CANONICAL_ENTITY:INDIAN_AMBASSADOR_RATNAM,0
CANONICAL_ENTITY:INDIAN_CHAIRMAN_OF_THE_ICC,0
CANONICAL_ENTITY:INDIAN_COMMUNIST_PARTY,2
CANONICAL_ENTITY:INDIAN_GOVERNMENT,2
CANONICAL_ENTITY:INDIAN_TROOPS,1
CANONICAL_ENTITY:INDONESIA,0
CANONICAL_ENTITY:INDONESIAN_COMMUNIST_PARTY,0
CANONICAL_ENTITY:INDONESIAN_PRESIDENT_SUKARNO,0
CANONICAL_ENTITY:INONU,7
CANONICAL_ENTITY:INTERIOR_MINISTER_MUNONGO,9
CANONICAL_ENTITY:INTERNATIONAL_CONTROL_COMMISSION,0
CANONICAL_ENTITY:INTERNATIONAL_MONETARY_FUND,3
CANONICAL_ENTITY:INTERNATIONAL_RED_CROSS,1
CANONICAL_ENTITY:INTER_AMERICAN_CONFERENCE,6
CANONICAL_ENTITY:INTER_AMERICAN_DEVELOPMENT_BANK,6
CANONICAL_ENTITY:IRAN,2
CANONICAL_ENTITY:IRANIAN_GOVERNMENT,3
CANONICAL_ENTITY:IRAQ,3
CANONICAL_ENTITY:IRAQI_COMMUNISTS,3
CANONICAL_ENTITY:IRAQI_MILITARY_COURTS,3
CANONICAL_ENTITY:IRAQ_PETROLEUM_COMPANY,3
CANONICAL_ENTITY:ISFAHAN,5
CANONICAL_ENTITY:ISRAEL,3
CANONICAL_ENTITY:ITALIAN_GOVERNMENT,6
CANONICAL_ENTITY:ITALIAN_LIBERAL_PARTY,8
CANONICAL_ENTITY:ITALIAN_SOCIAL_MOVEMENT,3
CANONICAL_ENTITY:ITALY,3
CANONICAL_ENTITY:IZVESTIA,2
CANONICAL_ENTITY:JACQUES_SOUSTELLE,3
CANONICAL_ENTITY:JANIO_QUADROS,2
CANONICAL_ENTITY:JAPAN,3
CANONICAL_ENTITY:JASON_SENDWE,1
CANONICAL_ENTITY:JEAN_BOLIKANGO,1
CANONICAL_ENTITY:JEAN_MONNET,5
CANONICAL_ENTITY:JOMO_KENYATTA,8
CANONICAL_ENTITY:JORDAN,3
CANONICAL_ENTITY:JORDANIAN_AGENTS,3
CANONICAL_ENTITY:JOSEPH_ILEO,1
CANONICAL_ENTITY:JOSE_CHIRIBOGA,7
CANONICAL_ENTITY:JOSE_ENRIQUE_VALIENTE,5
CANONICAL_ENTITY:JOSHUA_NKOMO,8
CANONICAL_ENTITY:JULIO_RIVERA,5
CANONICAL_ENTITY:JULIUS_NYERERE,8
CANONICAL_ENTITY:JULIUS_RAAB,3
CANONICAL_ENTITY:KABALO,0
CANONICAL_ENTITY:KABUL,7
CANONICAL_ENTITY:KACHIN,2
CANONICAL_ENTITY:KAHAMA,8
CANONICAL_ENTITY:KAKWANGA,3
CANONICAL_ENTITY:KALONJI,1
CANONICAL_ENTITY:KAMCHATKA_PENINSULA,0
CANONICAL_ENTITY:KAMINA,1
CANONICAL_ENTITY:KAMINA_AIR_BASE,1
CANONICAL_ENTITY:KAMITATU,1
CANONICAL_ENTITY:KAPUSTIN_YAR_MISSILE_TEST_RANGE,4
CANONICAL_ENTITY:KARACHI,7
CANONICAL_ENTITY:KARAKORAM_MOUNTAIN_RANGE,3
CANONICAL_ENTITY:KARAMANLIS_GOVERNMENT,4
CANONICAL_ENTITY:KARBALA,3
CANONICAL_ENTITY:KAREN,2
CANONICAL_ENTITY:KASAI_PROVINCE,1
CANONICAL_ENTITY:KASAVUBU,1
CANONICAL_ENTITY:KASAVUBU_MOBUTU_GOVERNMENT,9
CANONICAL_ENTITY:KASHMIR,2
CANONICAL_ENTITY:KATANGA,1
CANONICAL_ENTITY:KATANGA_REGIME,1
CANONICAL_ENTITY:KATMANDU,6
CANONICAL_ENTITY:KAZAKHSTAN,2
CANONICAL_ENTITY:KAZAKH_REPUBLIC,5
CANONICAL_ENTITY:KEITA,2
CANONICAL_ENTITY:KENNEDY_ADMINISTRATION,0
CANONICAL_ENTITY:KENYA,1
CANONICAL_ENTITY:KENYA_AFRICAN_DEMOCRATIC_UNION,8
CANONICAL_ENTITY:KENYA_AFRICAN_NATIONAL_UNION,8
CANONICAL_ENTITY:KEP_AIRFIELD,1
CANONICAL_ENTITY:KHAMSOUK_KEOLA,0
CANONICAL_ENTITY:KHAM_KONG,0
CANONICAL_ENTITY:KHARKOV,2
CANONICAL_ENTITY:KHARTOUM,2
CANONICAL_ENTITY:KHRUSHCHEV,2
CANONICAL_ENTITY:KIBWE,1
CANONICAL_ENTITY:KIEV,2
CANONICAL_ENTITY:KIMBA,1
CANONICAL_ENTITY:KIM_IL_SUNG,3
CANONICAL_ENTITY:KING,6
CANONICAL_ENTITY:KING_BAUDOUIN,3
CANONICAL_ENTITY:KING_HUSAYN,3
CANONICAL_ENTITY:KING_MAHENDRA,6
CANONICAL_ENTITY:KING_MOHAMED_V,2
CANONICAL_ENTITY:KING_MOHAMMED_V,1
CANONICAL_ENTITY:KING_OF_LAOS,2
CANONICAL_ENTITY:KING_SAUD,3
CANONICAL_ENTITY:KING_SAVANG,0
CANONICAL_ENTITY:KING_SISAVANG_VONG,0
CANONICAL_ENTITY:KIRKUK,3
CANONICAL_ENTITY:KISHI_GOVERNMENT,11
CANONICAL_ENTITY:KIVU_PROVINCE,1
CANONICAL_ENTITY:KOCO_TASHKO,2
CANONICAL_ENTITY:KOIRALA,6
CANONICAL_ENTITY:KOMMUNIST,2
CANONICAL_ENTITY:KONGOLO,1
CANONICAL_ENTITY:KONG_LAP,0
CANONICAL_ENTITY:KONG_LE,0
CANONICAL_ENTITY:KONG_LE_PATHET_LAO,0
CANONICAL_ENTITY:KOSYGIN,3
CANONICAL_ENTITY:KO_CHONG_HUN,3
CANONICAL_ENTITY:KRUG,2
CANONICAL_ENTITY:KRUPP_INDUSTRIAL_ENTERPRISES,3
CANONICAL_ENTITY:KUCHUK,11
CANONICAL_ENTITY:KUMYKIN,2
CANONICAL_ENTITY:KUNMING,0
CANONICAL_ENTITY:KUWAIT,3
CANONICAL_ENTITY:KUZNETSOV,0
CANONICAL_ENTITY:KWANGTUNG,10
CANONICAL_ENTITY:KYAW_DUN,7
CANONICAL_ENTITY:K_P_S_MENON,2
CANONICAL_ENTITY:LABOR_UNION_LEADERS,6
CANONICAL_ENTITY:LAI_MING_TANG,0
CANONICAL_ENTITY:LAK_SAO,0
CANONICAL_ENTITY:LAOS,0
CANONICAL_ENTITY:LAOTIAN_ARMY,0
CANONICAL_ENTITY:LAOTIAN_GOVERNMENT,0
CANONICAL_ENTITY:LAOTIAN_MILITARY_ESTABLISHMENT,0
CANONICAL_ENTITY:LAOTIAN_NATIONAL_MILITARY_COMMITTEE,0
CANONICAL_ENTITY:LAO_GOVERNMENT,0
CANONICAL_ENTITY:LAS_VILLAS_PROVINCE,2
CANONICAL_ENTITY:LATIN_AMERICA,2
CANONICAL_ENTITY:LATIN_AMERICAN_NATIONS,2
CANONICAL_ENTITY:LA_PAZ,6
CANONICAL_ENTITY:LEAGUE_OF_RED_CROSS_SOCIETIES,1
CANONICAL_ENTITY:LEBANESE_AUTHORITIES,3
CANONICAL_ENTITY:LEBANON,3
CANONICAL_ENTITY:LENINGRAD,2
CANONICAL_ENTITY:LEONID_SEDOV,2
CANONICAL_ENTITY:LEOPOLDVILLE,1
CANONICAL_ENTITY:LEOPOLDVILLE_GOVERNMENT,1
CANONICAL_ENTITY:LEOPOLDVILLE_GROUP,2
CANONICAL_ENTITY:LEOPOLDVILLE_PROVINCE,1
CANONICAL_ENTITY:LEOPOLDVILLE_REGIME,1
CANONICAL_ENTITY:LE_DUAN,4
CANONICAL_ENTITY:LIBERALS,6
CANONICAL_ENTITY:LIBERAL_DEMOCRATIC_PARTY,4
CANONICAL_ENTITY:LIBERAL_DEMOCRATIC_PARTY_LDP,4
CANONICAL_ENTITY:LIBERAL_PARTY,5
CANONICAL_ENTITY:LIBERATION_ARMY_OF_SOUTH_VIETNAM,5
CANONICAL_ENTITY:LIBERIA,1
CANONICAL_ENTITY:LIBYA,3
CANONICAL_ENTITY:LIEGE,3
CANONICAL_ENTITY:LIFE_ABROAD,2
CANONICAL_ENTITY:LIRI_BELISHOVA,2
CANONICAL_ENTITY:LISBON,4
CANONICAL_ENTITY:LIU_SHAO_CHI,1
CANONICAL_ENTITY:LOBITO,0
CANONICAL_ENTITY:LOCKHEED,7
CANONICAL_ENTITY:LONDON,3
CANONICAL_ENTITY:LOUIS_JOXE,7
CANONICAL_ENTITY:LOWER_CONGO,1
CANONICAL_ENTITY:LT_COL_BUSIRI,0
CANONICAL_ENTITY:LUALABA,4
CANONICAL_ENTITY:LUANDA,4
CANONICAL_ENTITY:LUANG_PRABANG,0
CANONICAL_ENTITY:LUCIO_LARA,4
CANONICAL_ENTITY:LULUABOURG,1
CANONICAL_ENTITY:LUMUMBA,1
CANONICAL_ENTITY:LUMUMBA_COMMAND,1
CANONICAL_ENTITY:LUMUMBA_REGIME,5
CANONICAL_ENTITY:LUMUMBA_SUPPORTERS,1
CANONICAL_ENTITY:LUMUMBIST_FORCES,1
CANONICAL_ENTITY:LUNS,5
CANONICAL_ENTITY:LUXEMBOURG,5
CANONICAL_ENTITY:LU_TING_YI,0
CANONICAL_ENTITY:MACLEOD,8
CANONICAL_ENTITY:MAJALLI,3
CANONICAL_ENTITY:MAJLIS,2
CANONICAL_ENTITY:MAJOR_GENERAL_AKASH_ZABIN,8
CANONICAL_ENTITY:MAJOR_GENERAL_HASAN_BASHIR_NASR,5
CANONICAL_ENTITY:MAKARIOS,11
CANONICAL_ENTITY:MAKKI_ABBAS,0
CANONICAL_ENTITY:MALAYA,0
CANONICAL_ENTITY:MALAYAN_PRIME_MINISTER_RAHMAN,0
CANONICAL_ENTITY:MALI,1
CANONICAL_ENTITY:MANONO,1
CANONICAL_ENTITY:MANUEL_GOMES_DE_ARAUJO,4
CANONICAL_ENTITY:MANZIKALA,1
CANONICAL_ENTITY:MAPAI,5
CANONICAL_ENTITY:MAPAM,5
CANONICAL_ENTITY:MARCELLO_CAETANO,4
CANONICAL_ENTITY:MARCENIO_CAETANO,2
CANONICAL_ENTITY:MARIANI,2
CANONICAL_ENTITY:MARIO_MENDEZ_MONTENEGRO,7
CANONICAL_ENTITY:MARIO_SILVA,4
CANONICAL_ENTITY:MARSHAL_ALPHONSE_JUIN,7
CANONICAL_ENTITY:MARSHAL_CRAVEIRO_LOPES,4
CANONICAL_ENTITY:MASMOUDI,2
CANONICAL_ENTITY:MASSA,1
CANONICAL_ENTITY:MATADI,0
CANONICAL_ENTITY:MATHIAS,4
CANONICAL_ENTITY:MAYOR_BRANDT,4
CANONICAL_ENTITY:MBOYA,8
CANONICAL_ENTITY:MCCLOY,2
CANONICAL_ENTITY:MCKEOWN,1
CANONICAL_ENTITY:MEHMET_SHEHU,2
CANONICAL_ENTITY:MEKONG_RIVER,0
CANONICAL_ENTITY:MENDERES,7
CANONICAL_ENTITY:MENGHISTU_NEWAY,3
CANONICAL_ENTITY:MENSHIKOV,1
CANONICAL_ENTITY:MEO_GUERRILLAS,0
CANONICAL_ENTITY:MEO_TRIBESMEN,0
CANONICAL_ENTITY:MESSALI_HADJ,0
CANONICAL_ENTITY:MEXICAN_AMBASSADOR,2
CANONICAL_ENTITY:MEXICAN_FOREIGN_MINISTER_TELLO,10
CANONICAL_ENTITY:MICHEL_AFLAQ,3
CANONICAL_ENTITY:MIDDLE_EAST,2
CANONICAL_ENTITY:MIKHAIL_SUSLOV,2
CANONICAL_ENTITY:MILITARY,4
CANONICAL_ENTITY:MILITARY_CIVILIAN_JUNTA,3
CANONICAL_ENTITY:MILITARY_GOVERNOR_ABDI,3
CANONICAL_ENTITY:MINE_CORPORATION_OF_BOLIVIA_COMIBOL,6
CANONICAL_ENTITY:MINISTRY_OF_AGRICULTURE,2
CANONICAL_ENTITY:MINISTRY_OF_DEFENSE,8
CANONICAL_ENTITY:MIRANDA_LUPONE,8
CANONICAL_ENTITY:MOBUTU,1
CANONICAL_ENTITY:MOBUTU_REGIME,1
CANONICAL_ENTITY:MODIBO_KEITA,9
CANONICAL_ENTITY:MOGADISCIO,1
CANONICAL_ENTITY:MOHAMMED_BEN_BELLA,5
CANONICAL_ENTITY:MOKADDEM,3
CANONICAL_ENTITY:MONARCHISTS,6
CANONICAL_ENTITY:MONGOLIA,2
CANONICAL_ENTITY:MONG_PA_LIAO,0
CANONICAL_ENTITY:MONIZ,4
CANONICAL_ENTITY:MONS,3
CANONICAL_ENTITY:MONSIGNOR_MANUEL_MENDES_DAS_NEVES,4
CANONICAL_ENTITY:MOROCCANS,1
CANONICAL_ENTITY:MOROCCAN_GOVERNMENT,1
CANONICAL_ENTITY:MOROCCO,2
CANONICAL_ENTITY:MOSCOW,0
CANONICAL_ENTITY:MOSUL,3
CANONICAL_ENTITY:MOVEMENT_OF_THE_PEOPLE_FOR_THE_LIBERATION_OF_ANGOLA,4
CANONICAL_ENTITY:MRS_BANDARANAIKE,2
CANONICAL_ENTITY:MUHAMMED_BEN_UTHMAN,3
CANONICAL_ENTITY:MULLAH_MUSTAFA_AL_BARZANI,3
CANONICAL_ENTITY:MUNONGO,1
CANONICAL_ENTITY:MUNOZ_GRANDES,4
CANONICAL_ENTITY:MUONG_KASSY,0
CANONICAL_ENTITY:MUONG_SAI,0
CANONICAL_ENTITY:MUONG_SOUI,0
CANONICAL_ENTITY:M_A_SUSLOV,2
CANONICAL_ENTITY:NAJAF,3
CANONICAL_ENTITY:NAMTHA_PROVINCE,0
CANONICAL_ENTITY:NAM_BAC,0
CANONICAL_ENTITY:NASIR,3
CANONICAL_ENTITY:NATIONALIST_CHINA,2
CANONICAL_ENTITY:NATIONALIST_IRREGULARS,0
CANONICAL_ENTITY:NATIONALIST_REVOLUTIONARY_MOVEMENT_MNR,9
CANONICAL_ENTITY:NATIONAL_ASSEMBLY,0
CANONICAL_ENTITY:NATIONAL_DEFENSE_COMMITTEE_OF_THE_AUSTRIAN_PARLIAMENT,3
CANONICAL_ENTITY:NATIONAL_FRONT,0
CANONICAL_ENTITY:NATIONAL_FRONT_COALITION_GOVERNMENT,2
CANONICAL_ENTITY:NATIONAL_INDICATIONS_CENTER,6
CANONICAL_ENTITY:NATIONAL_LIBERATION_FRONT,5
CANONICAL_ENTITY:NATIONAL_SECURITY_AGENCY,6
CANONICAL_ENTITY:NATIONAL_UNION,4
CANONICAL_ENTITY:NATIONAL_VOICE_OF_IRAN,3
CANONICAL_ENTITY:NATO,7
CANONICAL_ENTITY:NEHRU,6
CANONICAL_ENTITY:NENNI,6
CANONICAL_ENTITY:NENNI_SOCIALISTS,6
CANONICAL_ENTITY:NEO_LAO_HAK_SAT_NLHS,0
CANONICAL_ENTITY:NEPAL,6
CANONICAL_ENTITY:NEPALI_COMMUNIST_PARTY,6
CANONICAL_ENTITY:NEPALI_CONGRESS,6
CANONICAL_ENTITY:NETHERLANDS,3
CANONICAL_ENTITY:NETHERLANDS_NEW_GUINEA,0
CANONICAL_ENTITY:NEW_CHINA_NEWS_AGENCY,0
CANONICAL_ENTITY:NEW_DELHI,6
CANONICAL_ENTITY:NEW_LANDS_REGIONS_OF_SIBERIA,2
CANONICAL_ENTITY:NEW_TURKEY_PARTY,7
CANONICAL_ENTITY:NHOMMARAT,0
CANONICAL_ENTITY:NIGERIA,1
CANONICAL_ENTITY:NIGERIAN_CHAIRMAN_OF_THE_UN_CONCILIATION_COMMISSION,1
CANONICAL_ENTITY:NIGERIAN_PLAN,1
CANONICAL_ENTITY:NIGERIAN_POLICE,0
CANONICAL_ENTITY:NIGERIAN_TROOPS,1
CANONICAL_ENTITY:NIGERIAN_UN_UNITS,3
CANONICAL_ENTITY:NIKOLAI_BURDENKO,5
CANONICAL_ENTITY:NIKOLAY_PODGORNY,2
CANONICAL_ENTITY:NKRUMAH,1
CANONICAL_ENTITY:NORSTAD,2
CANONICAL_ENTITY:NORTHERN_RHODESIA,1
CANONICAL_ENTITY:NORTH_CAUCASUS,2
CANONICAL_ENTITY:NORTH_KOREA,3
CANONICAL_ENTITY:NORTH_VIETNAM,0
CANONICAL_ENTITY:NORTH_VIETNAMESE_IL_14,1
CANONICAL_ENTITY:NORTH_VIETNAMESE_TROOPS,1
CANONICAL_ENTITY:NURI_SAID,3
CANONICAL_ENTITY:NURI_SAID_REGIME,0
CANONICAL_ENTITY:NYASALAND,8
CANONICAL_ENTITY:OAS,8
CANONICAL_ENTITY:ODYLIA_DENYS,2
CANONICAL_ENTITY:OMSK,1
CANONICAL_ENTITY:ORGANIZATION_OF_AMERICAN_STATES,10
CANONICAL_ENTITY:ORIENTALE_PROVINCE,1
CANONICAL_ENTITY:ORIENTE_PROVINCE,2
CANONICAL_ENTITY:OSORIO,5
CANONICAL_ENTITY:OSVALDO_LOPEZ,5
CANONICAL_ENTITY:OUTER_MONGOLIA,1
CANONICAL_ENTITY:OZDILEK,7
CANONICAL_ENTITY:PAG,5
CANONICAL_ENTITY:PAKISTAN,7
CANONICAL_ENTITY:PAKISTANI_GOVERNMENT,3
CANONICAL_ENTITY:PAK_SANE,0
CANONICAL_ENTITY:PANAMA,6
CANONICAL_ENTITY:PAN_AFRICANIST_CONGRESS,5
CANONICAL_ENTITY:PAN_CYPRIAN_FEDERATION_OF_LABOR_PEO,11
CANONICAL_ENTITY:PARIS,4
CANONICAL_ENTITY:PASO,2
CANONICAL_ENTITY:PATHET_LAO,0
CANONICAL_ENTITY:PATNA,6
CANONICAL_ENTITY:PATRIOTIC_FRONT,11
CANONICAL_ENTITY:PAUL_ELY,5
CANONICAL_ENTITY:PAUL_HENRI_SPAAK,1
CANONICAL_ENTITY:PAZ_ESTENSSORO,3
CANONICAL_ENTITY:PEIPING,2
CANONICAL_ENTITY:PEIPING_PEOPLES_DAILY,0
CANONICAL_ENTITY:PEOPLES_COMMITTEE_AGAINST_REBELS_AND_COMMUNISTS,0
CANONICAL_ENTITY:PEOPLES_DAILY,0
CANONICAL_ENTITY:PERONISTAS,6
CANONICAL_ENTITY:PERONISTA_GROUPS,7
CANONICAL_ENTITY:PERU,7
CANONICAL_ENTITY:PETROPAVLOVSK,2
CANONICAL_ENTITY:PETR_ABRASIMOV,2
CANONICAL_ENTITY:PHAM_VAN_DONG,0
CANONICAL_ENTITY:PHAN_HUY_QUAT,0
CANONICAL_ENTITY:PHENG_PONGSAVAN,0
CANONICAL_ENTITY:PHILIPPINES,10
CANONICAL_ENTITY:PHILIPPINE_FOREIGN_AFFAIRS_SECRETARY_SERRANO,0
CANONICAL_ENTITY:PHNOM_PENH,0
CANONICAL_ENTITY:PHONG_SALY_PROVINCE,0
CANONICAL_ENTITY:PHOUI_SANANIKONE,0
CANONICAL_ENTITY:PHOUMI_FORCES,0
CANONICAL_ENTITY:PHOUMI_NOSAVAN,0
CANONICAL_ENTITY:PHOUMI_TROOPS,0
CANONICAL_ENTITY:PHOUMI_VONGVICHIT,0
CANONICAL_ENTITY:PHOU_KHOUN,0
CANONICAL_ENTITY:PIDE,4
CANONICAL_ENTITY:PIERRE_MULELE,1
CANONICAL_ENTITY:PKI,7
CANONICAL_ENTITY:PLAINE_DES_JARRES,0
CANONICAL_ENTITY:POLAND,2
CANONICAL_ENTITY:POLISH_BUILDERS,2
CANONICAL_ENTITY:POLISH_DELEGATION,0
CANONICAL_ENTITY:POLISH_LEADER,6
CANONICAL_ENTITY:POLISH_UN_DELEGATION,2
CANONICAL_ENTITY:PONCE_ADMINISTRATION,7
CANONICAL_ENTITY:PONDOLAND,5
CANONICAL_ENTITY:POPULAR_PARTY_FOR_NATIONAL_LIBERATION,0
CANONICAL_ENTITY:PORTUGAL,4
CANONICAL_ENTITY:PORTUGUESE_AUTHORITIES,2
CANONICAL_ENTITY:PORTUGUESE_GOVERNMENT,4
CANONICAL_ENTITY:PORTUGUESE_GUINEA,3
CANONICAL_ENTITY:PORTUGUESE_OVERSEAS_MINISTRY,1
CANONICAL_ENTITY:PRAGUE,1
CANONICAL_ENTITY:PRAJA_PARISHAD,6
CANONICAL_ENTITY:PRAVDA,2
CANONICAL_ENTITY:PREMIER_EYSKENS,3
CANONICAL_ENTITY:PREMIER_SARIT,0
CANONICAL_ENTITY:PRESIDENT_ALBERTO_LLERAS,2
CANONICAL_ENTITY:PRESIDENT_BETANCOURT,8
CANONICAL_ENTITY:PRESIDENT_DIEM,0
CANONICAL_ENTITY:PRESIDENT_DUVALIER,0
CANONICAL_ENTITY:PRESIDENT_FRONDIZI,6
CANONICAL_ENTITY:PRESIDENT_JORGE_ALESSANDRI,10
CANONICAL_ENTITY:PRESIDENT_LEMUS,3
CANONICAL_ENTITY:PRESIDENT_PAZ,9
CANONICAL_ENTITY:PRESIDENT_TOURE,9
CANONICAL_ENTITY:PRIME_MINISTER_BALEWA,4
CANONICAL_ENTITY:PRIME_MINISTER_CHANG_MYON,9
CANONICAL_ENTITY:PRIME_MINISTER_IKEDA,4
CANONICAL_ENTITY:PRIME_MINISTER_QASIM,3
CANONICAL_ENTITY:PRIME_MINISTER_SALAZAR,4
CANONICAL_ENTITY:PRIME_MINISTER_U_NU,7
CANONICAL_ENTITY:PRIME_MINISTER_VERWOERD,0
CANONICAL_ENTITY:PRINCE_SIHANOUK,0
CANONICAL_ENTITY:PRINCE_SOUPHANNOUVONG,0
CANONICAL_ENTITY:PROVISIONAL_ALGERIAN_GOVERNMENT,4
CANONICAL_ENTITY:PRO_CASTRO_ELEMENTS,8
CANONICAL_ENTITY:PUSHKIN,0
CANONICAL_ENTITY:PUSHTOONISTAN,7
CANONICAL_ENTITY:PUSHTOON_TRIBES,7
CANONICAL_ENTITY:PYONGYANG,3
CANONICAL_ENTITY:QASIM,3
CANONICAL_ENTITY:QASIM_REGIME,0
CANONICAL_ENTITY:QUINIM_PHOLSENA,0
CANONICAL_ENTITY:RAAB,3
CANONICAL_ENTITY:RADIO_CARIBE,8
CANONICAL_ENTITY:RADIO_CONAKRY,1
CANONICAL_ENTITY:RAJESHWAR_DAYAL,1
CANONICAL_ENTITY:RAMFIS_TRUJILLO,8
CANONICAL_ENTITY:RANGOON,0
CANONICAL_ENTITY:RAPACKI,3
CANONICAL_ENTITY:RAWALPINDI,7
CANONICAL_ENTITY:RED_SEA,2
CANONICAL_ENTITY:REGENERATIVE_PARTY_OF_THE_WORKING_PEOPLE_AKEL,11
CANONICAL_ENTITY:REPUBLICAN_PARTY,6
CANONICAL_ENTITY:REPUBLICAN_PEOPLES_PARTY,7
CANONICAL_ENTITY:REPUBLIC_OF_CYPRUS,2
CANONICAL_ENTITY:REPUBLIC_OF_GUINEA,3
CANONICAL_ENTITY:REPUBLIC_OF_MALI,2
CANONICAL_ENTITY:REPUBLIC_OF_THE_CONGO,0
CANONICAL_ENTITY:REPUBLIC_OF_TOGO,1
CANONICAL_ENTITY:REVOLUCION,2
CANONICAL_ENTITY:REVOLUTIONARY_PARTY_PR,7
CANONICAL_ENTITY:RIMAWI,3
CANONICAL_ENTITY:RIO_DE_JANEIRO,2
CANONICAL_ENTITY:ROBERTO_HOLDEN,4
CANONICAL_ENTITY:ROBERTS,0
CANONICAL_ENTITY:ROMAN_CATHOLIC_CHURCH,0
CANONICAL_ENTITY:ROMAN_CATHOLIC_TRADE_UNIONS_CSC,3
CANONICAL_ENTITY:ROMAN_CATHOLIC_TRADE_UNION_FEDERATION,3
CANONICAL_ENTITY:RONALD_NGALA,8
CANONICAL_ENTITY:ROYAL_MOROCCAN_ARMY,4
CANONICAL_ENTITY:RSFSR_BUREAU,2
CANONICAL_ENTITY:RUANDA_URUNDI,5
CANONICAL_ENTITY:SACEUR,5
CANONICAL_ENTITY:SAHBANI,1
CANONICAL_ENTITY:SAIGON,4
CANONICAL_ENTITY:SALAH_BEN_YOUSSEF,3
CANONICAL_ENTITY:SALAZAR,4
CANONICAL_ENTITY:SALAZAR_REGIME,4
CANONICAL_ENTITY:SALVADORAN_ARMY,5
CANONICAL_ENTITY:SALVADORAN_JUNTA,10
CANONICAL_ENTITY:SAM_NEUA_PROVINCE,0
CANONICAL_ENTITY:SANDYS,8
CANONICAL_ENTITY:SANTA_FE_PROVINCE,6
CANONICAL_ENTITY:SANTA_MARIA,4
CANONICAL_ENTITY:SANTOS_COSTA,4
CANONICAL_ENTITY:SAN_SALVADOR,5
CANONICAL_ENTITY:SARATOV,2
CANONICAL_ENTITY:SARAVANE_PROVINCE,0
CANONICAL_ENTITY:SARPER,7
CANONICAL_ENTITY:SARRAJ,3
CANONICAL_ENTITY:SARY_SHAGAN_TEST_COMPLEX,0
CANONICAL_ENTITY:SAUDI_ARABIA,3
CANONICAL_ENTITY:SAVAK,2
CANONICAL_ENTITY:SAVANNAKHET,0
CANONICAL_ENTITY:SEATO,0
CANONICAL_ENTITY:SEKOU_TOUR,3
CANONICAL_ENTITY:SENO_BASE,0
CANONICAL_ENTITY:SENO_MILITARY_BASE,0
CANONICAL_ENTITY:SEOUL,3
CANONICAL_ENTITY:SERRANO,10
CANONICAL_ENTITY:SEVENTH_FLEET,1
CANONICAL_ENTITY:SEVEN_YEAR_PLAN,5
CANONICAL_ENTITY:SHAH,2
CANONICAL_ENTITY:SHANTUNG,10
CANONICAL_ENTITY:SHARIF_EMAMI,2
CANONICAL_ENTITY:SIDDIQ_AL_MAHDI,5
CANONICAL_ENTITY:SIKKIM,2
CANONICAL_ENTITY:SIR_CLAUDE_COREA,2
CANONICAL_ENTITY:SIR_RICHARD_TURNBULL,8
CANONICAL_ENTITY:SOBOLEV,2
CANONICAL_ENTITY:SOCIALIST_INSTIGATED_STRIKES,3
CANONICAL_ENTITY:SOCIALIST_PARTY,6
CANONICAL_ENTITY:SOCIAL_CHRISTIAN_PARTY,1
CANONICAL_ENTITY:SOCIAL_DEMOCRATIC_PARTY,6
CANONICAL_ENTITY:SOCIAL_DEMOCRATIC_PARTY_SPD,4
CANONICAL_ENTITY:SOFIA,1
CANONICAL_ENTITY:SOMALI_ARMY,1
CANONICAL_ENTITY:SOMALI_REPUBLIC,5
CANONICAL_ENTITY:SOP_SAISANA,0
CANONICAL_ENTITY:SOUTHERN_RHODESIA,1
CANONICAL_ENTITY:SOUTH_AFRICA,5
CANONICAL_ENTITY:SOUTH_AFRICAN_GOVERNMENT,4
CANONICAL_ENTITY:SOUTH_AFRICAN_LEGIONNAIRES,4
CANONICAL_ENTITY:SOUTH_CHINA_FLEET,2
CANONICAL_ENTITY:SOUTH_KOREA,3
CANONICAL_ENTITY:SOUTH_TIROL,3
CANONICAL_ENTITY:SOUTH_VIETNAM,0
CANONICAL_ENTITY:SOUVANNA_PHOUMA,0
CANONICAL_ENTITY:SOUVANNA_PHOUMA_CABINET,6
CANONICAL_ENTITY:SOUVANNA_PHOUMA_GOVERNMENT,0
CANONICAL_ENTITY:SOVIETS,2
CANONICAL_ENTITY:SOVIET_AMBASSADOR,1
CANONICAL_ENTITY:SOVIET_BLOC,2
CANONICAL_ENTITY:SOVIET_COMMUNIST_PARTY,0
CANONICAL_ENTITY:SOVIET_EMBASSY,3
CANONICAL_ENTITY:SOVIET_EMBASSY_IN_WASHINGTON,2
CANONICAL_ENTITY:SOVIET_GOVERNMENT,1
CANONICAL_ENTITY:SOVIET_IL_14S,0
CANONICAL_ENTITY:SOVIET_MI_4_HELICOPTERS,0
CANONICAL_ENTITY:SOVIET_PARTY_CENTRAL_COMMITTEE,2
CANONICAL_ENTITY:SOVIET_PRESIDIUM,2
CANONICAL_ENTITY:SOVIET_TRANSPORTS,1
CANONICAL_ENTITY:SOVIET_UNION,0
CANONICAL_ENTITY:SO_1_SUBCHASER,2
CANONICAL_ENTITY:SPAAK,4
CANONICAL_ENTITY:SPAIN,4
CANONICAL_ENTITY:SPANISH_SAHARA,4
CANONICAL_ENTITY:SPUTNIK_IX,1
CANONICAL_ENTITY:SPUTNIK_VII,2
CANONICAL_ENTITY:SPUTNIK_XI,2
CANONICAL_ENTITY:STALINGRAD,2
CANONICAL_ENTITY:STANLEYVILLE,1
CANONICAL_ENTITY:STRAUSS,7
CANONICAL_ENTITY:STROM,3
CANONICAL_ENTITY:SUBANDRIO,0
CANONICAL_ENTITY:SUBARNA_SHUMSHERE,6
CANONICAL_ENTITY:SUDAN,1
CANONICAL_ENTITY:SUDANESE_GOVERNMENT,2
CANONICAL_ENTITY:SUDANESE_MILITARY_GOVERNMENT,5
CANONICAL_ENTITY:SUDIBJO,0
CANONICAL_ENTITY:SUKARNO,0
CANONICAL_ENTITY:SUPREME_MILITARY_COUNCIL,5
CANONICAL_ENTITY:SWEDEN,0
CANONICAL_ENTITY:SWEDISH_UN_COMMANDER,3
CANONICAL_ENTITY:SWEDISH_UN_CONTINGENT,0
CANONICAL_ENTITY:SWEDISH_UN_UNIT,1
CANONICAL_ENTITY:SYNGMAN_RHEE,3
CANONICAL_ENTITY:SYRIA,3
CANONICAL_ENTITY:TADZHIKISTAN,2
CANONICAL_ENTITY:TAICHUNG,0
CANONICAL_ENTITY:TAIEB_SABHANI,4
CANONICAL_ENTITY:TAIPEI,0
CANONICAL_ENTITY:TAIWAN,0
CANONICAL_ENTITY:TAKEO_MIKI,4
CANONICAL_ENTITY:TANANARIVE,1
CANONICAL_ENTITY:TANGANYIKA,8
CANONICAL_ENTITY:TEHRAN,2
CANONICAL_ENTITY:TEL_AVIV_BRANCH_OF_HEBREW_UNIVERSITY,5
CANONICAL_ENTITY:TEMI_SEJKO,2
CANONICAL_ENTITY:THAILAND,0
CANONICAL_ENTITY:THA_THOM,0
CANONICAL_ENTITY:THEOTONIO_PEREIRA,4
CANONICAL_ENTITY:THEO_LEFEVRE,4
CANONICAL_ENTITY:THE_FEDERATION,8
CANONICAL_ENTITY:THE_PRESIDENT,6
CANONICAL_ENTITY:THE_VICE_PRESIDENT,6
CANONICAL_ENTITY:THIRD_ALL_AFRICAN_PEOPLES_CONFERENCE,3
CANONICAL_ENTITY:THOMAZ,4
CANONICAL_ENTITY:TIAO_SISOUMANG,0
CANONICAL_ENTITY:TIRANA,2
CANONICAL_ENTITY:TITO,2
CANONICAL_ENTITY:TOKYO,7
CANONICAL_ENTITY:TOUR,4
CANONICAL_ENTITY:TRANSKEI,5
CANONICAL_ENTITY:TREASURY_DEPARTMENT,6
CANONICAL_ENTITY:TRIMBLE,1
CANONICAL_ENTITY:TRINQUIER,1
CANONICAL_ENTITY:TRIPOLI,3
CANONICAL_ENTITY:TROTSKYITES,6
CANONICAL_ENTITY:TRUJILLO,8
CANONICAL_ENTITY:TRUONG_CHINH,4
CANONICAL_ENTITY:TRYGVE_LIE,1
CANONICAL_ENTITY:TSAMKONG,2
CANONICAL_ENTITY:TSHOMB,1
CANONICAL_ENTITY:TSHOMBE,1
CANONICAL_ENTITY:TSHOMBES_REGIME,1
CANONICAL_ENTITY:TSHOMBE_REGIME,3
CANONICAL_ENTITY:TSHOMB_S_GOVERNMENT,1
CANONICAL_ENTITY:TUNIS,5
CANONICAL_ENTITY:TUNISIA,5
CANONICAL_ENTITY:TUNISIAN_SOLDIERS,0
CANONICAL_ENTITY:TUN_SEIN,1
CANONICAL_ENTITY:TURKEY,7
CANONICAL_ENTITY:TURKISH_GOVERNMENT,1
CANONICAL_ENTITY:TYURA_TAM,2
CANONICAL_ENTITY:TYURA_TAM_MISSILE_TEST_RANGE,0
CANONICAL_ENTITY:UAR,1
CANONICAL_ENTITY:UAR_NATIONAL_ASSEMBLY,3
CANONICAL_ENTITY:UAR_SYRIA,1
CANONICAL_ENTITY:UAR_TROOPS,6
CANONICAL_ENTITY:UGANDA,1
CANONICAL_ENTITY:UK,0
CANONICAL_ENTITY:UKRAINE,2
CANONICAL_ENTITY:ULAN_BATOR,4
CANONICAL_ENTITY:ULBRICHT,9
CANONICAL_ENTITY:UN,1
CANONICAL_ENTITY:UNION_MINIERE,1
CANONICAL_ENTITY:UNION_OF_THE_ANGOLAN_PEOPLE,4
CANONICAL_ENTITY:UNION_OF_THE_CAMEROONS_POPULATIONS,3
CANONICAL_ENTITY:UNION_PARTY,7
CANONICAL_ENTITY:UNITED_ARAB_REPUBLIC,1
CANONICAL_ENTITY:UNITED_KINGDOM,3
CANONICAL_ENTITY:UNITED_NATIONAL_PARTY,2
CANONICAL_ENTITY:UNITED_NATIONS,1
CANONICAL_ENTITY:UNITED_NATIONS_FORCES,0
CANONICAL_ENTITY:UNITED_STATES,2
CANONICAL_ENTITY:UNITED_STATES_AIR_FORCE,3
CANONICAL_ENTITY:UNITED_STATES_ARMY,3
CANONICAL_ENTITY:UNITED_STATES_INFORMATION_AGENCY,6
CANONICAL_ENTITY:UNITED_STATES_INTELLIGENCE_BOARD,5
CANONICAL_ENTITY:UNITED_STATES_MARINE_CORPS,3
CANONICAL_ENTITY:UNITED_STATES_NAVY,3
CANONICAL_ENTITY:UN_COMMAND,1
CANONICAL_ENTITY:UN_FORCES,1
CANONICAL_ENTITY:UN_GENERAL_ASSEMBLY,2
CANONICAL_ENTITY:UN_SECURITY_COUNCIL,0
CANONICAL_ENTITY:URUGUAY,6
CANONICAL_ENTITY:USSR,2
CANONICAL_ENTITY:US_ADMINISTRATION,8
CANONICAL_ENTITY:US_CONSULATE,8
CANONICAL_ENTITY:US_EMBASSY,10
CANONICAL_ENTITY:US_EMBASSY_IN_LISBON,4
CANONICAL_ENTITY:US_EMBASSY_IN_MOSCOW,2
CANONICAL_ENTITY:US_EMBASSY_IN_NICOSIA,2
CANONICAL_ENTITY:US_EMBASSY_IN_TUNIS,2
CANONICAL_ENTITY:US_MILITARY_PERSONNEL,1
CANONICAL_ENTITY:U_NU,7
CANONICAL_ENTITY:VALONA_BAY,8
CANONICAL_ENTITY:VANG_VIENG,0
CANONICAL_ENTITY:VATICAN,0
CANONICAL_ENTITY:VELASCO,7
CANONICAL_ENTITY:VELASCO_ADMINISTRATION,7
CANONICAL_ENTITY:VENEZUELA,4
CANONICAL_ENTITY:VENEZUELAN_GOVERNMENT,8
CANONICAL_ENTITY:VICE_PRESIDENT_GOULART,2
CANONICAL_ENTITY:VICTOR_LUNDULA,1
CANONICAL_ENTITY:VIENTIANE,0
CANONICAL_ENTITY:VIETNAM,0
CANONICAL_ENTITY:VIETNAMESE,0
CANONICAL_ENTITY:VIET_CONG,2
CANONICAL_ENTITY:VIJAYAWADA,2
CANONICAL_ENTITY:VIKTOR_GRISHIN,2
CANONICAL_ENTITY:VILLEDA,5
CANONICAL_ENTITY:VLADIVOSTOK,2
CANONICAL_ENTITY:WALLOON_REGIONS,2
CANONICAL_ENTITY:WALLOON_SOCIALIST_DEPUTIES,3
CANONICAL_ENTITY:WALTER_LIPPMANN,2
CANONICAL_ENTITY:WARSAW,1
CANONICAL_ENTITY:WAR_SECRETARY_FRAGA,6
CANONICAL_ENTITY:WATCH_COMMITTEE_OF_THE_USIB,2
CANONICAL_ENTITY:WEST,11
CANONICAL_ENTITY:WESTERN_EUROPE,2
CANONICAL_ENTITY:WESTERN_POWERS,2
CANONICAL_ENTITY:WEST_BERLIN,9
CANONICAL_ENTITY:WEST_GERMANY,3
CANONICAL_ENTITY:WEST_GERMAN_FOREIGN_MINISTRY,3
CANONICAL_ENTITY:WINIEWICZ,2
CANONICAL_ENTITY:WORLD_FEDERATION_OF_TRADE_UNIONS,3
CANONICAL_ENTITY:WORLD_HEALTH_ORGANIZATION,2
CANONICAL_ENTITY:XIENG_KHOUANG_PROVINCE,0
CANONICAL_ENTITY:YAVUZ,7
CANONICAL_ENTITY:YDIGORAS,7
CANONICAL_ENTITY:YEMEN,3
CANONICAL_ENTITY:YOULOU,5
CANONICAL_ENTITY:YUGOSLAVIA,1
CANONICAL_ENTITY:YUNNAN_GENERAL_TUAN,3
CANONICAL_ENTITY:YUNNAN_PROVINCE,0
CANONICAL_ENTITY:ZERI_I_POPULLIT,2
CANONICAL_ENTITY:ZORIN,1
EVENT_CLUSTER:0,7
EVENT_CLUSTER:1,0
EVENT_CLUSTER:2,0
EVENT_CLUSTER:3,0
EVENT_CLUSTER:4,2
EVENT_CLUSTER:5,7
EVENT_CLUSTER:6,7
EVENT_CLUSTER:7,7
EVENT_CLUSTER:8,7
EVENT_CLUSTER:9,7
EVENT_CLUSTER:10,7
EVENT_CLUSTER:11,7
EVENT_CLUSTER:12,7
EVENT_CLUSTER:13,7
EVENT_CLUSTER:14,7
EVENT_CLUSTER:15,7
EVENT_CLUSTER:16,2
EVENT_CLUSTER:17,2
EVENT_CLUSTER:18,1
EVENT_CLUSTER:19,1
EVENT_CLUSTER:20,1
EVENT_CLUSTER:21,2
EVENT_CLUSTER:22,1
EVENT_CLUSTER:23,1
EVENT_CLUSTER:24,1
EVENT_CLUSTER:25,1
EVENT_CLUSTER:26,1
EVENT_CLUSTER:27,1
EVENT_CLUSTER:28,1
EVENT_CLUSTER:29,1
EVENT_CLUSTER:30,1
EVENT_CLUSTER:31,1
EVENT_CLUSTER:32,0
EVENT_CLUSTER:33,0
EVENT_CLUSTER:34,0
EVENT_CLUSTER:35,0
EVENT_CLUSTER:36,0
EVENT_CLUSTER:37,0
EVENT_CLUSTER:38,0
EVENT_CLUSTER:39,8
EVENT_CLUSTER:40,8
EVENT_CLUSTER:41,8
EVENT_CLUSTER:42,0
EVENT_CLUSTER:43,0
EVENT_CLUSTER:44,1
EVENT_CLUSTER:45,3
EVENT_CLUSTER:46,3
EVENT_CLUSTER:47,3
EVENT_CLUSTER:48,0
EVENT_CLUSTER:49,0
EVENT_CLUSTER:50,0
EVENT_CLUSTER:51,3
EVENT_CLUSTER:52,3
EVENT_CLUSTER:53,3
EVENT_CLUSTER:54,2
EVENT_CLUSTER:55,2
EVENT_CLUSTER:56,2
EVENT_CLUSTER:57,2
EVENT_CLUSTER:58,1
EVENT_CLUSTER:59,1
EVENT_CLUSTER:60,1
EVENT_CLUSTER:61,1
EVENT_CLUSTER:62,1
EVENT_CLUSTER:63,1
EVENT_CLUSTER:64,2
EVENT_CLUSTER:65,10
EVENT_CLUSTER:66,10
EVENT_CLUSTER:67,10
EVENT_CLUSTER:68,6
EVENT_CLUSTER:69,6
EVENT_CLUSTER:70,6
EVENT_CLUSTER:71,2
EVENT_CLUSTER:72,0
EVENT_CLUSTER:73,0
EVENT_CLUSTER:74,0
EVENT_CLUSTER:75,3
EVENT_CLUSTER:76,3
EVENT_CLUSTER:77,3
EVENT_CLUSTER:78,3
EVENT_CLUSTER:79,2
EVENT_CLUSTER:80,0
EVENT_CLUSTER:81,0
EVENT_CLUSTER:82,0
EVENT_CLUSTER:83,0
EVENT_CLUSTER:84,0
EVENT_CLUSTER:85,3
EVENT_CLUSTER:86,3
EVENT_CLUSTER:87,3
EVENT_CLUSTER:88,3
EVENT_CLUSTER:89,3
EVENT_CLUSTER:90,3
EVENT_CLUSTER:91,3
EVENT_CLUSTER:92,3
EVENT_CLUSTER:93,0
EVENT_CLUSTER:94,1
EVENT_CLUSTER:95,1
EVENT_CLUSTER:96,1
EVENT_CLUSTER:97,0
EVENT_CLUSTER:98,0
EVENT_CLUSTER:99,0
EVENT_CLUSTER:100,0
EVENT_CLUSTER:101,0
EVENT_CLUSTER:102,0
EVENT_CLUSTER:103,0
EVENT_CLUSTER:104,0
EVENT_CLUSTER:105,0
EVENT_CLUSTER:106,0
EVENT_CLUSTER:107,0
EVENT_CLUSTER:108,0
EVENT_CLUSTER:109,9
EVENT_CLUSTER:110,0
EVENT_CLUSTER:111,0
EVENT_CLUSTER:112,0
EVENT_CLUSTER:113,9
EVENT_CLUSTER:114,9
EVENT_CLUSTER:115,9
EVENT_CLUSTER:116,0
EVENT_CLUSTER:117,0
EVENT_CLUSTER:118,0
EVENT_CLUSTER:119,0
EVENT_CLUSTER:120,0
EVENT_CLUSTER:121,0
EVENT_CLUSTER:122,1
EVENT_CLUSTER:123,1
EVENT_CLUSTER:124,1
EVENT_CLUSTER:125,1
EVENT_CLUSTER:126,3
EVENT_CLUSTER:127,3
EVENT_CLUSTER:128,3
EVENT_CLUSTER:129,1
EVENT_CLUSTER:130,1
EVENT_CLUSTER:131,1
EVENT_CLUSTER:132,3
EVENT_CLUSTER:133,3
EVENT_CLUSTER:134,1
EVENT_CLUSTER:135,1
EVENT_CLUSTER:136,1
EVENT_CLUSTER:137,1
EVENT_CLUSTER:138,5
EVENT_CLUSTER:139,2
EVENT_CLUSTER:140,2
EVENT_CLUSTER:141,2
EVENT_CLUSTER:142,0
EVENT_CLUSTER:143,1
EVENT_CLUSTER:144,1
EVENT_CLUSTER:145,10
EVENT_CLUSTER:146,10
EVENT_CLUSTER:147,10
EVENT_CLUSTER:148,10
EVENT_CLUSTER:149,2
EVENT_CLUSTER:150,0
EVENT_CLUSTER:151,0
EVENT_CLUSTER:152,0
EVENT_CLUSTER:153,5
EVENT_CLUSTER:154,10
EVENT_CLUSTER:155,2
EVENT_CLUSTER:156,2
EVENT_CLUSTER:157,0
EVENT_CLUSTER:158,1
EVENT_CLUSTER:159,2
EVENT_CLUSTER:160,2
EVENT_CLUSTER:161,3
EVENT_CLUSTER:162,3
EVENT_CLUSTER:163,8
EVENT_CLUSTER:164,2
EVENT_CLUSTER:165,0
EVENT_CLUSTER:166,0
EVENT_CLUSTER:167,0
EVENT_CLUSTER:168,1
EVENT_CLUSTER:169,1
EVENT_CLUSTER:170,1
EVENT_CLUSTER:171,3
EVENT_CLUSTER:172,3
EVENT_CLUSTER:173,3
EVENT_CLUSTER:174,0
EVENT_CLUSTER:175,0
EVENT_CLUSTER:176,0
EVENT_CLUSTER:177,2
EVENT_CLUSTER:178,2
EVENT_CLUSTER:179,2
EVENT_CLUSTER:180,2
EVENT_CLUSTER:181,2
EVENT_CLUSTER:182,0
EVENT_CLUSTER:183,6
EVENT_CLUSTER:184,1
EVENT_CLUSTER:185,1
EVENT_CLUSTER:186,1
EVENT_CLUSTER:187,1
EVENT_CLUSTER:188,1
EVENT_CLUSTER:189,3
EVENT_CLUSTER:190,3
EVENT_CLUSTER:191,3
EVENT_CLUSTER:192,3
EVENT_CLUSTER:193,3
EVENT_CLUSTER:194,3
EVENT_CLUSTER:195,3
EVENT_CLUSTER:196,3
EVENT_CLUSTER:197,3
EVENT_CLUSTER:198,1
EVENT_CLUSTER:199,1
EVENT_CLUSTER:200,3
EVENT_CLUSTER:201,3
EVENT_CLUSTER:202,5
EVENT_CLUSTER:203,3
EVENT_CLUSTER:204,0
EVENT_CLUSTER:205,0
EVENT_CLUSTER:206,0
EVENT_CLUSTER:207,0
EVENT_CLUSTER:208,0
EVENT_CLUSTER:209,1
EVENT_CLUSTER:210,1
EVENT_CLUSTER:211,1
EVENT_CLUSTER:212,3
EVENT_CLUSTER:213,3
EVENT_CLUSTER:214,2
EVENT_CLUSTER:215,5
EVENT_CLUSTER:216,2
EVENT_CLUSTER:217,2
EVENT_CLUSTER:218,2
EVENT_CLUSTER:219,0
EVENT_CLUSTER:220,1
EVENT_CLUSTER:221,3
EVENT_CLUSTER:222,5
EVENT_CLUSTER:223,5
EVENT_CLUSTER:224,5
EVENT_CLUSTER:225,2
EVENT_CLUSTER:226,2
EVENT_CLUSTER:227,5
EVENT_CLUSTER:228,5
EVENT_CLUSTER:229,5
EVENT_CLUSTER:230,0
EVENT_CLUSTER:231,0
EVENT_CLUSTER:232,5
EVENT_CLUSTER:233,5
EVENT_CLUSTER:234,5
EVENT_CLUSTER:235,0
EVENT_CLUSTER:236,0
EVENT_CLUSTER:237,0
EVENT_CLUSTER:238,5
EVENT_CLUSTER:239,5
EVENT_CLUSTER:240,5
EVENT_CLUSTER:241,5
EVENT_CLUSTER:242,0
EVENT_CLUSTER:243,1
EVENT_CLUSTER:244,1
EVENT_CLUSTER:245,1
EVENT_CLUSTER:246,3
EVENT_CLUSTER:247,3
EVENT_CLUSTER:248,4
EVENT_CLUSTER:249,0
EVENT_CLUSTER:250,0
EVENT_CLUSTER:251,0
EVENT_CLUSTER:252,1
EVENT_CLUSTER:253,1
EVENT_CLUSTER:254,1
EVENT_CLUSTER:255,0
EVENT_CLUSTER:256,0
EVENT_CLUSTER:257,2
EVENT_CLUSTER:258,3
EVENT_CLUSTER:259,3
EVENT_CLUSTER:260,3
EVENT_CLUSTER:261,4
EVENT_CLUSTER:262,4
EVENT_CLUSTER:263,4
EVENT_CLUSTER:264,4
EVENT_CLUSTER:265,4
EVENT_CLUSTER:266,0
EVENT_CLUSTER:267,0
EVENT_CLUSTER:268,0
EVENT_CLUSTER:269,4
EVENT_CLUSTER:270,4
EVENT_CLUSTER:271,0
EVENT_CLUSTER:272,0
EVENT_CLUSTER:273,0
EVENT_CLUSTER:274,0
EVENT_CLUSTER:275,0
EVENT_CLUSTER:276,0
EVENT_CLUSTER:277,0
EVENT_CLUSTER:278,1
EVENT_CLUSTER:279,6
EVENT_CLUSTER:280,6
EVENT_CLUSTER:281,6
EVENT_CLUSTER:282,6
EVENT_CLUSTER:283,2
EVENT_CLUSTER:284,2
EVENT_CLUSTER:285,0
EVENT_CLUSTER:286,0
EVENT_CLUSTER:287,11
EVENT_CLUSTER:288,11
EVENT_CLUSTER:289,11
EVENT_CLUSTER:290,11
EVENT_CLUSTER:291,11
EVENT_CLUSTER:292,2
EVENT_CLUSTER:293,0
EVENT_CLUSTER:294,1
EVENT_CLUSTER:295,1
EVENT_CLUSTER:296,1
EVENT_CLUSTER:297,3
EVENT_CLUSTER:298,3
EVENT_CLUSTER:299,8
EVENT_CLUSTER:300,0
EVENT_CLUSTER:301,0
EVENT_CLUSTER:302,2
EVENT_CLUSTER:303,2
EVENT_CLUSTER:304,1
EVENT_CLUSTER:305,1
EVENT_CLUSTER:306,1
EVENT_CLUSTER:307,1
EVENT_CLUSTER:308,3
EVENT_CLUSTER:309,9
EVENT_CLUSTER:310,9
EVENT_CLUSTER:311,8
EVENT_CLUSTER:312,8
EVENT_CLUSTER:313,2
EVENT_CLUSTER:314,2
EVENT_CLUSTER:315,2
EVENT_CLUSTER:316,2
EVENT_CLUSTER:317,2
EVENT_CLUSTER:318,2
EVENT_CLUSTER:319,2
EVENT_CLUSTER:320,2
EVENT_CLUSTER:321,2
EVENT_CLUSTER:322,2
EVENT_CLUSTER:323,2
EVENT_CLUSTER:324,2
EVENT_CLUSTER:325,2
EVENT_CLUSTER:326,2
EVENT_CLUSTER:327,3
EVENT_CLUSTER:328,1
EVENT_CLUSTER:329,3
EVENT_CLUSTER:330,3
EVENT_CLUSTER:331,3
EVENT_CLUSTER:332,1
EVENT_CLUSTER:333,1
EVENT_CLUSTER:334,3
EVENT_CLUSTER:335,3
EVENT_CLUSTER:336,3
EVENT_CLUSTER:337,8
EVENT_CLUSTER:338,2
EVENT_CLUSTER:339,2
EVENT_CLUSTER:340,0
EVENT_CLUSTER:341,0
EVENT_CLUSTER:342,0
EVENT_CLUSTER:343,0
EVENT_CLUSTER:344,0
EVENT_CLUSTER:345,0
EVENT_CLUSTER:346,1
EVENT_CLUSTER:347,1
EVENT_CLUSTER:348,3
EVENT_CLUSTER:349,3
EVENT_CLUSTER:350,8
EVENT_CLUSTER:351,8
EVENT_CLUSTER:352,8
EVENT_CLUSTER:353,6
EVENT_CLUSTER:354,2
EVENT_CLUSTER:355,2
EVENT_CLUSTER:356,2
EVENT_CLUSTER:357,2
EVENT_CLUSTER:358,2
EVENT_CLUSTER:359,2
EVENT_CLUSTER:360,2
EVENT_CLUSTER:361,2
EVENT_CLUSTER:362,2
EVENT_CLUSTER:363,2
EVENT_CLUSTER:364,2
EVENT_CLUSTER:365,2
EVENT_CLUSTER:366,2
EVENT_CLUSTER:367,2
EVENT_CLUSTER:368,2
EVENT_CLUSTER:369,2
EVENT_CLUSTER:370,0
EVENT_CLUSTER:371,0
EVENT_CLUSTER:372,1
EVENT_CLUSTER:373,1
EVENT_CLUSTER:374,2
EVENT_CLUSTER:375,2
EVENT_CLUSTER:376,4
EVENT_CLUSTER:377,5
EVENT_CLUSTER:378,5
EVENT_CLUSTER:379,5
EVENT_CLUSTER:380,5
EVENT_CLUSTER:381,2
EVENT_CLUSTER:382,2
EVENT_CLUSTER:383,2
EVENT_CLUSTER:384,2
EVENT_CLUSTER:385,0
EVENT_CLUSTER:386,0
EVENT_CLUSTER:387,1
EVENT_CLUSTER:388,0
EVENT_CLUSTER:389,1
EVENT_CLUSTER:390,1
EVENT_CLUSTER:391,7
EVENT_CLUSTER:392,1
EVENT_CLUSTER:393,1
EVENT_CLUSTER:394,1
EVENT_CLUSTER:395,1
EVENT_CLUSTER:396,1
EVENT_CLUSTER:397,7
EVENT_CLUSTER:398,7
EVENT_CLUSTER:399,1
EVENT_CLUSTER:400,1
EVENT_CLUSTER:401,1
EVENT_CLUSTER:402,6
EVENT_CLUSTER:403,6
EVENT_CLUSTER:404,6
EVENT_CLUSTER:405,6
EVENT_CLUSTER:406,0
EVENT_CLUSTER:407,0
EVENT_CLUSTER:408,0
EVENT_CLUSTER:409,1
EVENT_CLUSTER:410,6
EVENT_CLUSTER:411,6
EVENT_CLUSTER:412,6
EVENT_CLUSTER:413,6
EVENT_CLUSTER:414,2
EVENT_CLUSTER:415,2
EVENT_CLUSTER:416,2
EVENT_CLUSTER:417,2
EVENT_CLUSTER:418,0
EVENT_CLUSTER:419,1
EVENT_CLUSTER:420,1
EVENT_CLUSTER:421,1
EVENT_CLUSTER:422,9
EVENT_CLUSTER:423,2
EVENT_CLUSTER:424,1
EVENT_CLUSTER:425,1
EVENT_CLUSTER:426,0
EVENT_CLUSTER:427,4
EVENT_CLUSTER:428,4
EVENT_CLUSTER:429,4
EVENT_CLUSTER:430,0
EVENT_CLUSTER:431,5
EVENT_CLUSTER:432,5
EVENT_CLUSTER:433,5
EVENT_CLUSTER:434,0
EVENT_CLUSTER:435,0
EVENT_CLUSTER:436,0
EVENT_CLUSTER:437,0
EVENT_CLUSTER:438,5
EVENT_CLUSTER:439,5
EVENT_CLUSTER:440,5
EVENT_CLUSTER:441,5
EVENT_CLUSTER:442,5
EVENT_CLUSTER:443,3
EVENT_CLUSTER:444,3
EVENT_CLUSTER:445,2
EVENT_CLUSTER:446,2
EVENT_CLUSTER:447,2
EVENT_CLUSTER:448,2
EVENT_CLUSTER:449,2
EVENT_CLUSTER:450,1
EVENT_CLUSTER:451,2
EVENT_CLUSTER:452,2
EVENT_CLUSTER:453,3
EVENT_CLUSTER:454,0
EVENT_CLUSTER:455,2
EVENT_CLUSTER:456,3
EVENT_CLUSTER:457,3
EVENT_CLUSTER:458,3
EVENT_CLUSTER:459,3
EVENT_CLUSTER:460,3
EVENT_CLUSTER:461,3
EVENT_CLUSTER:462,3
EVENT_CLUSTER:463,3
EVENT_CLUSTER:464,3
EVENT_CLUSTER:465,1
EVENT_CLUSTER:466,2
EVENT_CLUSTER:467,1
EVENT_CLUSTER:468,1
EVENT_CLUSTER:469,1
EVENT_CLUSTER:470,1
EVENT_CLUSTER:471,1
EVENT_CLUSTER:472,9
EVENT_CLUSTER:473,9
EVENT_CLUSTER:474,9
EVENT_CLUSTER:475,9
EVENT_CLUSTER:476,9
EVENT_CLUSTER:477,2
EVENT_CLUSTER:478,8
EVENT_CLUSTER:479,8
EVENT_CLUSTER:480,3
EVENT_CLUSTER:481,3
EVENT_CLUSTER:482,1
EVENT_CLUSTER:483,1
EVENT_CLUSTER:484,1
EVENT_CLUSTER:485,0
EVENT_CLUSTER:486,2
EVENT_CLUSTER:487,2
EVENT_CLUSTER:488,2
EVENT_CLUSTER:489,2
EVENT_CLUSTER:490,2
EVENT_CLUSTER:491,1
EVENT_CLUSTER:492,1
EVENT_CLUSTER:493,1
EVENT_CLUSTER:494,0
EVENT_CLUSTER:495,2
EVENT_CLUSTER:496,2
EVENT_CLUSTER:497,2
EVENT_CLUSTER:498,7
EVENT_CLUSTER:499,7
EVENT_CLUSTER:500,7
EVENT_CLUSTER:501,4
EVENT_CLUSTER:502,4
EVENT_CLUSTER:503,4
EVENT_CLUSTER:504,4
EVENT_CLUSTER:505,1
EVENT_CLUSTER:506,1
EVENT_CLUSTER:507,1
EVENT_CLUSTER:508,3
EVENT_CLUSTER:509,0
EVENT_CLUSTER:510,1
EVENT_CLUSTER:511,1
EVENT_CLUSTER:512,1
EVENT_CLUSTER:513,1
EVENT_CLUSTER:514,1
EVENT_CLUSTER:515,1
EVENT_CLUSTER:516,1
EVENT_CLUSTER:517,0
EVENT_CLUSTER:518,0
EVENT_CLUSTER:519,3
EVENT_CLUSTER:520,3
EVENT_CLUSTER:521,1
EVENT_CLUSTER:522,1
EVENT_CLUSTER:523,1
EVENT_CLUSTER:524,2
EVENT_CLUSTER:525,2
EVENT_CLUSTER:526,2
EVENT_CLUSTER:527,2
EVENT_CLUSTER:528,5
EVENT_CLUSTER:529,5
EVENT_CLUSTER:530,1
EVENT_CLUSTER:531,0
EVENT_CLUSTER:532,0
EVENT_CLUSTER:533,0
EVENT_CLUSTER:534,5
EVENT_CLUSTER:535,5
EVENT_CLUSTER:536,5
EVENT_CLUSTER:537,5
EVENT_CLUSTER:538,5
EVENT_CLUSTER:539,1
EVENT_CLUSTER:540,1
EVENT_CLUSTER:541,7
EVENT_CLUSTER:542,7
EVENT_CLUSTER:543,7
EVENT_CLUSTER:544,1
EVENT_CLUSTER:545,7
EVENT_CLUSTER:546,7
EVENT_CLUSTER:547,7
EVENT_CLUSTER:548,7
EVENT_CLUSTER:549,1
EVENT_CLUSTER:550,1
EVENT_CLUSTER:551,1
EVENT_CLUSTER:552,4
EVENT_CLUSTER:553,2
EVENT_CLUSTER:554,2
EVENT_CLUSTER:555,2
EVENT_CLUSTER:556,0
EVENT_CLUSTER:557,0
EVENT_CLUSTER:558,0
EVENT_CLUSTER:559,1
EVENT_CLUSTER:560,1
EVENT_CLUSTER:561,1
EVENT_CLUSTER:562,1
EVENT_CLUSTER:563,4
EVENT_CLUSTER:564,4
EVENT_CLUSTER:565,4
EVENT_CLUSTER:566,0
EVENT_CLUSTER:567,0
EVENT_CLUSTER:568,0
EVENT_CLUSTER:569,0
EVENT_CLUSTER:570,2
EVENT_CLUSTER:571,0
EVENT_CLUSTER:572,2
EVENT_CLUSTER:573,1
EVENT_CLUSTER:574,1
EVENT_CLUSTER:575,0
EVENT_CLUSTER:576,0
EVENT_CLUSTER:577,0
EVENT_CLUSTER:578,0
EVENT_CLUSTER:579,7
EVENT_CLUSTER:580,1
EVENT_CLUSTER:581,4
EVENT_CLUSTER:582,4
EVENT_CLUSTER:583,4
EVENT_CLUSTER:584,0
EVENT_CLUSTER:585,0
EVENT_CLUSTER:586,0
EVENT_CLUSTER:587,0
EVENT_CLUSTER:588,0
EVENT_CLUSTER:589,0
EVENT_CLUSTER:590,1
EVENT_CLUSTER:591,1
EVENT_CLUSTER:592,4
EVENT_CLUSTER:593,4
EVENT_CLUSTER:594,4
EVENT_CLUSTER:595,4
EVENT_CLUSTER:596,4
EVENT_CLUSTER:597,1
EVENT_CLUSTER:598,1
EVENT_CLUSTER:599,1
EVENT_CLUSTER:600,6
EVENT_CLUSTER:601,6
EVENT_CLUSTER:602,6
EVENT_CLUSTER:603,0
EVENT_CLUSTER:604,6
EVENT_CLUSTER:605,0
EVENT_CLUSTER:606,0
EVENT_CLUSTER:607,0
EVENT_CLUSTER:608,0
EVENT_CLUSTER:609,0
EVENT_CLUSTER:610,1
EVENT_CLUSTER:611,1
EVENT_CLUSTER:612,6
EVENT_CLUSTER:613,6
EVENT_CLUSTER:614,6
EVENT_CLUSTER:615,1
EVENT_CLUSTER:616,3
EVENT_CLUSTER:617,1
EVENT_CLUSTER:618,3
EVENT_CLUSTER:619,0
EVENT_CLUSTER:620,4
EVENT_CLUSTER:621,4
EVENT_CLUSTER:622,1
EVENT_CLUSTER:623,4
EVENT_CLUSTER:624,3
EVENT_CLUSTER:625,3
EVENT_CLUSTER:626,8
EVENT_CLUSTER:627,8
EVENT_CLUSTER:628,0
EVENT_CLUSTER:629,0
EVENT_CLUSTER:630,0
EVENT_CLUSTER:631,0
EVENT_CLUSTER:632,0
EVENT_CLUSTER:633,0
EVENT_CLUSTER:634,1
EVENT_CLUSTER:635,1
EVENT_CLUSTER:636,1
EVENT_CLUSTER:637,1
EVENT_CLUSTER:638,3
EVENT_CLUSTER:639,3
EVENT_CLUSTER:640,8
EVENT_CLUSTER:641,8
EVENT_CLUSTER:642,6
EVENT_CLUSTER:643,0
EVENT_CLUSTER:644,0
EVENT_CLUSTER:645,3
EVENT_CLUSTER:646,3
EVENT_CLUSTER:647,3
EVENT_CLUSTER:648,0
EVENT_CLUSTER:649,0
EVENT_CLUSTER:650,0
EVENT_CLUSTER:651,0
EVENT_CLUSTER:652,0
EVENT_CLUSTER:653,0
EVENT_CLUSTER:654,0
EVENT_CLUSTER:655,0
EVENT_CLUSTER:656,3
EVENT_CLUSTER:657,3
EVENT_CLUSTER:658,0
EVENT_CLUSTER:659,0
EVENT_CLUSTER:660,1
EVENT_CLUSTER:661,4
EVENT_CLUSTER:662,4
EVENT_CLUSTER:663,4
EVENT_CLUSTER:664,4
EVENT_CLUSTER:665,0
EVENT_CLUSTER:666,0
EVENT_CLUSTER:667,0
EVENT_CLUSTER:668,0
EVENT_CLUSTER:669,0
EVENT_CLUSTER:670,0
EVENT_CLUSTER:671,0
EVENT_CLUSTER:672,0
EVENT_CLUSTER:673,1
EVENT_CLUSTER:674,1
EVENT_CLUSTER:675,1
EVENT_CLUSTER:676,0
EVENT_CLUSTER:677,4
EVENT_CLUSTER:678,4
EVENT_CLUSTER:679,4
EVENT_CLUSTER:680,4
EVENT_CLUSTER:681,2
EVENT_CLUSTER:682,0
EVENT_CLUSTER:683,0
EVENT_CLUSTER:684,0
EVENT_CLUSTER:685,0
EVENT_CLUSTER:686,0
EVENT_CLUSTER:687,1
EVENT_CLUSTER:688,1
EVENT_CLUSTER:689,1
EVENT_CLUSTER:690,2
EVENT_CLUSTER:691,2
EVENT_CLUSTER:692,0
EVENT_CLUSTER:693,0
EVENT_CLUSTER:694,2
EVENT_CLUSTER:695,0
EVENT_CLUSTER:696,2
EVENT_CLUSTER:697,1
EVENT_CLUSTER:698,1
EVENT_CLUSTER:699,1
EVENT_CLUSTER:700,1
EVENT_CLUSTER:701,0
EVENT_CLUSTER:702,1
EVENT_CLUSTER:703,1
EVENT_CLUSTER:704,1
EVENT_CLUSTER:705,1
EVENT_CLUSTER:706,1
EVENT_CLUSTER:707,5
EVENT_CLUSTER:708,2
EVENT_CLUSTER:709,2
EVENT_CLUSTER:710,2
EVENT_CLUSTER:711,2
EVENT_CLUSTER:712,1
EVENT_CLUSTER:713,2
EVENT_CLUSTER:714,4
EVENT_CLUSTER:715,0
EVENT_CLUSTER:716,0
EVENT_CLUSTER:717,1
EVENT_CLUSTER:718,1
EVENT_CLUSTER:719,1
EVENT_CLUSTER:720,0
EVENT_CLUSTER:721,0
EVENT_CLUSTER:722,4
EVENT_CLUSTER:723,4
EVENT_CLUSTER:724,4
EVENT_CLUSTER:725,4
EVENT_CLUSTER:726,4
EVENT_CLUSTER:727,4
EVENT_CLUSTER:728,4
EVENT_CLUSTER:729,0
EVENT_CLUSTER:730,1
EVENT_CLUSTER:731,1
EVENT_CLUSTER:732,1
EVENT_CLUSTER:733,2
EVENT_CLUSTER:734,2
EVENT_CLUSTER:735,2
EVENT_CLUSTER:736,0
EVENT_CLUSTER:737,0
EVENT_CLUSTER:738,0
EVENT_CLUSTER:739,0
EVENT_CLUSTER:740,0
EVENT_CLUSTER:741,1
EVENT_CLUSTER:742,1
EVENT_CLUSTER:743,1
EVENT_CLUSTER:744,8
EVENT_CLUSTER:745,8
EVENT_CLUSTER:746,8
EVENT_CLUSTER:747,3
EVENT_CLUSTER:748,3
EVENT_CLUSTER:749,2
EVENT_CLUSTER:750,1
EVENT_CLUSTER:751,1
EVENT_CLUSTER:752,1
EVENT_CLUSTER:753,1
EVENT_CLUSTER:754,4
EVENT_CLUSTER:755,4
EVENT_CLUSTER:756,4
EVENT_CLUSTER:757,4
EVENT_CLUSTER:758,7
EVENT_CLUSTER:759,7
EVENT_CLUSTER:760,7
EVENT_CLUSTER:761,7
EVENT_CLUSTER:762,7
EVENT_CLUSTER:763,4
EVENT_CLUSTER:764,4
EVENT_CLUSTER:765,4
EVENT_CLUSTER:766,4
EVENT_CLUSTER:767,4
EVENT_CLUSTER:768,4
EVENT_CLUSTER:769,4
EVENT_CLUSTER:770,4
EVENT_CLUSTER:771,7
EVENT_CLUSTER:772,7
EVENT_CLUSTER:773,7
EVENT_CLUSTER:774,7
EVENT_CLUSTER:775,2
EVENT_CLUSTER:776,2
EVENT_CLUSTER:777,2
EVENT_CLUSTER:778,1
EVENT_CLUSTER:779,1
EVENT_CLUSTER:780,1
EVENT_CLUSTER:781,1
EVENT_CLUSTER:782,5
EVENT_CLUSTER:783,5
EVENT_CLUSTER:784,5
EVENT_CLUSTER:785,5
EVENT_CLUSTER:786,0
EVENT_CLUSTER:787,0
EVENT_CLUSTER:788,1
EVENT_CLUSTER:789,1
EVENT_CLUSTER:790,1
EVENT_CLUSTER:791,1
EVENT_CLUSTER:792,1
EVENT_CLUSTER:793,1
EVENT_CLUSTER:794,4
EVENT_CLUSTER:795,2
EVENT_CLUSTER:796,2
EVENT_CLUSTER:797,0
EVENT_CLUSTER:798,0
EVENT_CLUSTER:799,4
EVENT_CLUSTER:800,4
EVENT_CLUSTER:801,2
EVENT_CLUSTER:802,2
EVENT_CLUSTER:803,2
EVENT_CLUSTER:804,0
EVENT_CLUSTER:805,0
EVENT_CLUSTER:806,0
EVENT_CLUSTER:807,4
EVENT_CLUSTER:808,4
EVENT_CLUSTER:809,2
EVENT_CLUSTER:810,2
EVENT_CLUSTER:811,2
EVENT_CLUSTER:812,2
EVENT_CLUSTER:813,2
EVENT_CLUSTER:814,3
EVENT_CLUSTER:815,3
EVENT_CLUSTER:816,3
EVENT_CLUSTER:817,0
EVENT_CLUSTER:818,0
EVENT_CLUSTER:819,0
EVENT_CLUSTER:820,4
EVENT_CLUSTER:821,3
EVENT_CLUSTER:822,3
EVENT_CLUSTER:823,7
EVENT_CLUSTER:824,1
EVENT_CLUSTER:825,1
EVENT_CLUSTER:826,4
EVENT_CLUSTER:827,4
EVENT_CLUSTER:828,4
EVENT_CLUSTER:829,3
EVENT_CLUSTER:830,3
EVENT_CLUSTER:831,3
EVENT_CLUSTER:832,3
EVENT_CLUSTER:833,6
EVENT_CLUSTER:834,6
EVENT_CLUSTER:835,1
EVENT_CLUSTER:836,1
EVENT_CLUSTER:837,1
EVENT_CLUSTER:838,4
EVENT_CLUSTER:839,4
EVENT_CLUSTER:840,4
EVENT_CLUSTER:841,5
EVENT_CLUSTER:842,5
EVENT_CLUSTER:843,5
EVENT_CLUSTER:844,0
EVENT_CLUSTER:845,0
EVENT_CLUSTER:846,4
EVENT_CLUSTER:847,4
EVENT_CLUSTER:848,4
EVENT_CLUSTER:849,4
EVENT_CLUSTER:850,5
EVENT_CLUSTER:851,5
EVENT_CLUSTER:852,5
EVENT_CLUSTER:853,5
EVENT_CLUSTER:854,5
EVENT_CLUSTER:855,5
EVENT_CLUSTER:856,5
EVENT_CLUSTER:857,5
EVENT_CLUSTER:858,5
EVENT_CLUSTER:859,5
EVENT_CLUSTER:860,5
EVENT_CLUSTER:861,1
EVENT_CLUSTER:862,1
EVENT_CLUSTER:863,2
EVENT_CLUSTER:864,2
EVENT_CLUSTER:865,2
EVENT_CLUSTER:866,3
EVENT_CLUSTER:867,3
EVENT_CLUSTER:868,6
EVENT_CLUSTER:869,3
EVENT_CLUSTER:870,9
EVENT_CLUSTER:871,9
EVENT_CLUSTER:872,9
EVENT_CLUSTER:873,9
EVENT_CLUSTER:874,9
EVENT_CLUSTER:875,3
EVENT_CLUSTER:876,3
EVENT_CLUSTER:877,6
CANONICAL_ENTITY:CLAIM_0,0
CANONICAL_ENTITY:CLAIM_1,8
CANONICAL_ENTITY:CLAIM_2,8
CANONICAL_ENTITY:CONFERENCE_OF_CONGOLESE_LEADERS,1
CANONICAL_ENTITY:COUP,5
CANONICAL_ENTITY:COUP_PLANNING,5
CANONICAL_ENTITY:EVACUATION_OF_ITS_NATIONALS,4
CANONICAL_ENTITY:ICC,0
CANONICAL_ENTITY:LEOPOLDVILLE_CONFERENCE,1
CANONICAL_ENTITY:MNR,6
CANONICAL_ENTITY:MOBUTU_KASAVUBU_GOVERNMENT,1
CANONICAL_ENTITY:MUONG_KASSY_OPERATION,0
CANONICAL_ENTITY:PARTY_CENTRAL_COMMITTEE_MEETING,2
CANONICAL_ENTITY:PRESIDENT_KENNEDY,2
CANONICAL_ENTITY:SOVIET_POLICY,2
CANONICAL_ENTITY:TANANARIVE_CONFERENCE,1
CANONICAL_ENTITY:TRIALS_OF_FORMER_REGIME_LEADERS,7
CANONICAL_ENTITY:UPA,4
